Student ID,Well versed with the subject,Explains concepts in an understandable way,Use of presentations,Degree of difficulty of assignments,Solves doubts willingly,Structuring of the course,Provides support for students going above and beyond,Course recommendation based on relevance,Overall_Score,Feedback
340,5,2,7,6,9,2,1,8,5.0,"Average experience, assignments were manageable."
253,6,5,8,6,2,1,2,9,4.875,I struggled to understand the concepts.
680,7,7,6,5,4,2,3,1,4.375,Poor explanations and unclear assignments.
806,9,6,7,1,5,9,4,6,5.875,"Average experience, assignments were manageable."
632,8,10,8,4,6,6,9,9,7.5,"Some topics were clear, others a bit confusing."
832,7,2,7,8,3,5,1,4,4.625,Poor explanations and unclear assignments.
772,9,3,5,2,10,3,8,1,5.125,"Average experience, assignments were manageable."
961,9,8,7,4,4,3,3,10,6.0,"Average experience, assignments were manageable."
814,6,5,8,6,4,4,7,9,6.125,The course was okay but could be improved in some areas.
863,5,9,4,7,9,4,4,5,5.875,The course was okay but could be improved in some areas.
576,10,3,8,6,6,3,6,9,6.375,The course was okay but could be improved in some areas.
702,8,4,7,1,2,1,8,8,4.875,I struggled to understand the concepts.
541,5,4,4,2,2,7,8,1,4.125,Poor explanations and unclear assignments.
552,5,6,7,2,7,4,4,2,4.625,Poor explanations and unclear assignments.
510,6,7,8,3,4,7,7,6,6.0,"Some topics were clear, others a bit confusing."
159,7,7,6,6,3,9,3,1,5.25,"Average experience, assignments were manageable."
223,9,10,4,5,7,10,10,6,7.625,"Some topics were clear, others a bit confusing."
807,8,3,4,2,2,4,6,1,3.75,Poor explanations and unclear assignments.
525,9,9,4,3,5,5,9,2,5.75,"Some topics were clear, others a bit confusing."
799,5,6,5,4,2,1,1,7,3.875,I struggled to understand the concepts.
24,9,10,6,10,2,10,1,9,7.125,"Some topics were clear, others a bit confusing."
509,8,2,7,5,2,3,4,4,4.375,The course was difficult to follow and needs improvement.
797,9,10,4,10,9,2,10,7,7.625,The course was okay but could be improved in some areas.
418,8,8,6,7,9,5,2,8,6.625,"Some topics were clear, others a bit confusing."
48,5,5,4,2,1,10,10,9,5.75,The course was okay but could be improved in some areas.
657,9,5,7,3,2,8,10,6,6.25,The course was okay but could be improved in some areas.
864,9,8,5,2,3,9,2,8,5.75,"Average experience, assignments were manageable."
861,5,6,4,5,4,4,6,6,5.0,The course was okay but could be improved in some areas.
118,9,10,7,7,4,6,9,1,6.625,The course was okay but could be improved in some areas.
387,7,3,8,1,6,8,6,8,5.875,"Some topics were clear, others a bit confusing."
282,5,6,7,3,8,1,1,9,5.0,"Some topics were clear, others a bit confusing."
503,8,6,6,3,3,6,4,10,5.75,The course was okay but could be improved in some areas.
934,5,6,4,6,10,3,4,10,6.0,The course was okay but could be improved in some areas.
781,8,3,4,5,1,8,10,5,5.5,"Some topics were clear, others a bit confusing."
898,10,10,4,3,5,4,2,1,4.875,I struggled to understand the concepts.
474,8,3,7,6,4,3,7,7,5.625,"Some topics were clear, others a bit confusing."
704,9,9,8,6,8,4,8,5,7.125,"Average experience, assignments were manageable."
977,9,5,4,4,6,3,1,9,5.125,The course was okay but could be improved in some areas.
454,9,6,6,1,10,8,10,7,7.125,"Average experience, assignments were manageable."
295,5,7,6,3,1,7,2,9,5.0,"Some topics were clear, others a bit confusing."
35,10,6,4,5,6,2,3,1,4.625,I struggled to understand the concepts.
304,9,9,4,6,5,1,7,2,5.375,The course was okay but could be improved in some areas.
56,6,9,6,8,9,6,2,4,6.25,The course was okay but could be improved in some areas.
922,8,10,7,4,5,9,3,5,6.375,"Some topics were clear, others a bit confusing."
569,10,7,6,9,2,6,2,5,5.875,"Some topics were clear, others a bit confusing."
186,6,4,4,4,6,9,10,10,6.625,The course was okay but could be improved in some areas.
258,7,2,7,2,7,2,6,10,5.375,"Some topics were clear, others a bit confusing."
560,8,7,8,3,8,7,4,8,6.625,The course was okay but could be improved in some areas.
621,10,4,5,1,5,10,1,10,5.75,The course was okay but could be improved in some areas.
568,10,7,4,6,10,8,10,8,7.875,"Some topics were clear, others a bit confusing."
393,6,9,8,7,5,8,1,4,6.0,The course was okay but could be improved in some areas.
12,8,10,7,2,8,9,6,6,7.0,The course was okay but could be improved in some areas.
798,7,2,8,7,10,5,3,5,5.875,"Some topics were clear, others a bit confusing."
740,8,10,7,3,2,10,10,1,6.375,"Some topics were clear, others a bit confusing."
184,10,9,8,6,4,8,8,9,7.75,"Average experience, assignments were manageable."
410,7,2,5,2,6,6,3,10,5.125,"Some topics were clear, others a bit confusing."
480,10,6,7,8,5,3,1,5,5.625,"Average experience, assignments were manageable."
84,7,4,6,10,7,7,8,9,7.25,"Some topics were clear, others a bit confusing."
89,9,9,4,5,1,2,3,9,5.25,"Average experience, assignments were manageable."
763,6,9,6,7,6,10,2,5,6.375,"Some topics were clear, others a bit confusing."
86,7,8,6,8,3,10,2,7,6.375,"Average experience, assignments were manageable."
867,6,4,6,4,2,7,5,3,4.625,The course was difficult to follow and needs improvement.
248,6,6,4,6,6,6,2,3,4.875,Poor explanations and unclear assignments.
751,7,3,8,10,2,7,2,6,5.625,The course was okay but could be improved in some areas.
522,6,9,8,10,9,5,3,6,7.0,"Some topics were clear, others a bit confusing."
696,5,5,4,9,3,1,8,6,5.125,"Some topics were clear, others a bit confusing."
274,8,2,4,7,10,8,5,8,6.5,"Average experience, assignments were manageable."
921,9,7,5,10,10,9,6,4,7.5,"Average experience, assignments were manageable."
957,6,2,7,8,5,9,5,4,5.75,"Average experience, assignments were manageable."
88,9,4,4,9,9,9,7,10,7.625,"Average experience, assignments were manageable."
149,5,6,5,1,8,9,7,8,6.125,"Average experience, assignments were manageable."
737,7,9,4,5,5,2,2,1,4.375,The course was difficult to follow and needs improvement.
891,7,2,4,9,6,9,7,9,6.625,"Some topics were clear, others a bit confusing."
1,9,6,8,7,6,5,3,10,6.75,"Some topics were clear, others a bit confusing."
868,7,9,7,2,6,2,9,4,5.75,"Some topics were clear, others a bit confusing."
895,5,5,7,7,2,1,8,9,5.5,"Average experience, assignments were manageable."
638,9,10,8,2,1,1,4,8,5.375,The course was okay but could be improved in some areas.
707,5,6,6,5,1,9,6,9,5.875,The course was okay but could be improved in some areas.
432,9,9,6,8,2,3,2,4,5.375,"Some topics were clear, others a bit confusing."
988,7,4,6,7,6,9,7,1,5.875,"Average experience, assignments were manageable."
742,7,7,8,2,1,1,8,1,4.375,Poor explanations and unclear assignments.
730,6,5,4,5,6,6,7,2,5.125,The course was okay but could be improved in some areas.
321,5,7,6,2,3,5,3,5,4.5,The course was difficult to follow and needs improvement.
904,8,5,8,9,7,9,8,6,7.5,The course was okay but could be improved in some areas.
171,6,10,4,6,1,6,2,3,4.75,Poor explanations and unclear assignments.
695,10,4,4,1,5,8,7,1,5.0,The course was okay but could be improved in some areas.
498,8,5,4,5,10,7,1,10,6.25,"Average experience, assignments were manageable."
446,7,8,5,10,10,2,5,9,7.0,The course was okay but could be improved in some areas.
982,9,10,7,5,6,6,1,5,6.125,"Average experience, assignments were manageable."
981,7,6,7,5,4,6,8,3,5.75,"Some topics were clear, others a bit confusing."
849,6,10,6,7,7,4,10,7,7.125,The course was okay but could be improved in some areas.
297,7,10,6,8,10,10,2,8,7.625,"Some topics were clear, others a bit confusing."
713,8,6,7,5,2,7,10,8,6.625,The course was okay but could be improved in some areas.
192,8,4,8,6,3,5,1,5,5.0,The course was okay but could be improved in some areas.
561,9,6,4,8,6,8,3,3,5.875,"Some topics were clear, others a bit confusing."
364,6,6,7,9,6,4,7,6,6.375,"Some topics were clear, others a bit confusing."
40,6,7,5,6,10,5,6,3,6.0,The course was okay but could be improved in some areas.
521,5,9,4,2,1,8,3,7,4.875,The course was difficult to follow and needs improvement.
201,8,2,8,9,8,8,9,4,7.0,"Average experience, assignments were manageable."
780,6,4,4,10,6,5,6,8,6.125,"Some topics were clear, others a bit confusing."
853,7,9,4,8,9,4,10,2,6.625,"Some topics were clear, others a bit confusing."
202,5,6,6,10,3,4,2,8,5.5,The course was okay but could be improved in some areas.
421,6,3,8,10,6,8,7,9,7.125,"Average experience, assignments were manageable."
671,9,8,6,10,10,7,7,8,8.125,Great teaching style and very engaging sessions.
334,5,9,4,3,8,10,4,2,5.625,"Average experience, assignments were manageable."
843,6,8,5,4,5,5,10,6,6.125,"Some topics were clear, others a bit confusing."
57,10,7,6,10,4,4,2,4,5.875,"Average experience, assignments were manageable."
353,6,7,5,3,6,6,7,5,5.625,The course was okay but could be improved in some areas.
681,7,2,7,5,2,1,3,7,4.25,The course was difficult to follow and needs improvement.
394,6,3,6,10,7,4,3,3,5.25,"Some topics were clear, others a bit confusing."
188,7,6,8,9,9,8,9,10,8.25,The course was excellent and very well structured.
641,5,10,6,7,4,2,5,4,5.375,"Average experience, assignments were manageable."
544,10,7,8,4,6,5,7,8,6.875,The course was okay but could be improved in some areas.
163,9,3,4,7,3,8,6,8,6.0,"Some topics were clear, others a bit confusing."
283,9,2,6,1,2,10,5,5,5.0,"Average experience, assignments were manageable."
820,6,5,4,9,2,5,10,7,6.0,"Some topics were clear, others a bit confusing."
254,6,6,6,8,9,4,4,8,6.375,"Some topics were clear, others a bit confusing."
221,9,6,8,1,8,2,5,6,5.625,"Average experience, assignments were manageable."
736,8,2,8,8,2,6,5,4,5.375,The course was okay but could be improved in some areas.
280,9,10,4,7,7,3,5,4,6.125,"Average experience, assignments were manageable."
976,5,2,5,5,7,9,4,3,5.0,The course was okay but could be improved in some areas.
481,9,10,8,9,1,3,1,9,6.25,"Some topics were clear, others a bit confusing."
80,7,6,4,1,5,6,1,8,4.75,The course was difficult to follow and needs improvement.
473,10,10,7,5,2,6,10,5,6.875,The course was okay but could be improved in some areas.
762,10,7,5,7,8,9,3,4,6.625,"Some topics were clear, others a bit confusing."
385,5,2,6,7,3,2,10,1,4.5,Poor explanations and unclear assignments.
195,9,7,5,5,10,10,5,1,6.5,"Some topics were clear, others a bit confusing."
144,8,6,5,6,3,8,2,6,5.5,The course was okay but could be improved in some areas.
767,10,10,8,3,9,6,4,8,7.25,"Average experience, assignments were manageable."
300,6,8,4,5,5,9,5,4,5.75,The course was okay but could be improved in some areas.
580,5,2,5,8,6,5,4,9,5.5,"Average experience, assignments were manageable."
216,5,9,8,2,4,8,9,10,6.875,"Average experience, assignments were manageable."
583,9,3,4,6,5,3,8,7,5.625,"Average experience, assignments were manageable."
881,7,9,5,9,4,5,4,8,6.375,"Some topics were clear, others a bit confusing."
488,8,8,6,9,7,4,6,1,6.125,"Some topics were clear, others a bit confusing."
892,5,8,8,9,6,9,10,6,7.625,The course was okay but could be improved in some areas.
152,7,2,5,1,5,10,5,6,5.125,"Average experience, assignments were manageable."
925,7,10,6,7,9,10,1,3,6.625,"Some topics were clear, others a bit confusing."
729,9,9,8,7,5,4,5,5,6.5,"Some topics were clear, others a bit confusing."
647,5,5,8,8,9,6,9,8,7.25,The course was okay but could be improved in some areas.
686,8,6,5,5,2,6,5,8,5.625,"Some topics were clear, others a bit confusing."
93,9,10,6,4,9,6,7,8,7.375,The course was okay but could be improved in some areas.
485,8,4,7,1,4,7,1,4,4.5,I struggled to understand the concepts.
59,5,8,5,6,10,3,4,10,6.375,"Average experience, assignments were manageable."
907,10,4,7,6,1,2,5,1,4.5,The course was difficult to follow and needs improvement.
158,10,6,5,6,2,10,3,8,6.25,The course was okay but could be improved in some areas.
955,10,4,4,1,10,1,10,10,6.25,"Average experience, assignments were manageable."
758,8,3,7,7,9,6,7,5,6.5,The course was okay but could be improved in some areas.
605,6,4,4,4,7,5,5,2,4.625,Poor explanations and unclear assignments.
475,10,6,4,9,3,1,6,7,5.75,The course was okay but could be improved in some areas.
154,9,7,4,8,2,6,3,9,6.0,"Average experience, assignments were manageable."
79,6,4,6,6,6,4,9,10,6.375,"Average experience, assignments were manageable."
36,10,6,5,2,1,9,9,6,6.0,"Average experience, assignments were manageable."
562,6,3,6,7,8,7,4,1,5.25,The course was okay but could be improved in some areas.
231,10,7,8,1,3,3,3,3,4.75,Poor explanations and unclear assignments.
869,8,7,6,2,9,4,1,7,5.5,The course was okay but could be improved in some areas.
608,7,4,6,5,4,7,8,7,6.0,"Some topics were clear, others a bit confusing."
846,10,7,7,4,7,10,7,1,6.625,The course was okay but could be improved in some areas.
542,10,4,7,7,2,2,5,9,5.75,"Some topics were clear, others a bit confusing."
941,9,3,7,2,9,7,3,1,5.125,The course was okay but could be improved in some areas.
919,10,2,8,5,6,3,8,5,5.875,"Some topics were clear, others a bit confusing."
352,6,2,6,3,5,3,8,6,4.875,I struggled to understand the concepts.
839,9,2,5,10,4,4,9,1,5.5,"Some topics were clear, others a bit confusing."
266,8,8,5,6,6,8,2,2,5.625,"Some topics were clear, others a bit confusing."
298,8,4,8,9,7,1,7,3,5.875,The course was okay but could be improved in some areas.
929,10,2,6,1,1,9,9,7,5.625,The course was okay but could be improved in some areas.
574,6,4,8,5,9,5,7,10,6.75,"Average experience, assignments were manageable."
250,5,7,7,3,1,6,3,1,4.125,I struggled to understand the concepts.
616,9,8,6,9,6,3,5,8,6.75,The course was okay but could be improved in some areas.
164,8,5,7,10,8,9,10,1,7.25,The course was okay but could be improved in some areas.
827,6,3,4,9,7,8,7,6,6.25,"Average experience, assignments were manageable."
228,7,6,6,1,6,6,6,9,5.875,The course was okay but could be improved in some areas.
787,10,10,5,10,1,9,3,8,7.0,"Average experience, assignments were manageable."
317,8,8,4,1,10,10,9,1,6.375,The course was okay but could be improved in some areas.
110,9,6,4,1,4,7,9,5,5.625,The course was okay but could be improved in some areas.
165,6,2,6,2,2,10,2,2,4.0,The course was difficult to follow and needs improvement.
701,5,9,7,1,9,9,1,9,6.25,"Average experience, assignments were manageable."
362,7,9,6,7,4,8,1,2,5.5,"Some topics were clear, others a bit confusing."
890,8,7,5,3,9,1,4,5,5.25,"Average experience, assignments were manageable."
728,10,9,4,8,5,2,3,10,6.375,"Average experience, assignments were manageable."
466,9,8,5,5,6,2,10,4,6.125,"Some topics were clear, others a bit confusing."
709,9,3,6,4,4,8,10,1,5.625,"Average experience, assignments were manageable."
482,10,3,4,3,10,1,8,5,5.5,The course was okay but could be improved in some areas.
406,9,10,6,1,6,1,9,2,5.5,The course was okay but could be improved in some areas.
66,8,5,8,7,6,1,9,9,6.625,"Average experience, assignments were manageable."
862,6,5,6,5,7,2,10,8,6.125,"Average experience, assignments were manageable."
61,9,8,6,5,3,10,6,6,6.625,"Some topics were clear, others a bit confusing."
111,7,9,7,1,10,10,3,10,7.125,The course was okay but could be improved in some areas.
147,6,8,4,6,9,6,8,7,6.75,The course was okay but could be improved in some areas.
211,7,4,4,3,7,8,7,10,6.25,"Average experience, assignments were manageable."
996,6,5,6,10,8,7,8,4,6.75,"Some topics were clear, others a bit confusing."
459,8,5,8,6,6,1,8,4,5.75,"Some topics were clear, others a bit confusing."
81,5,5,6,5,7,3,9,5,5.625,The course was okay but could be improved in some areas.
288,5,9,6,9,4,4,2,6,5.625,The course was okay but could be improved in some areas.
6,7,10,8,3,3,4,1,2,4.75,Poor explanations and unclear assignments.
547,6,6,8,5,1,2,2,8,4.75,Poor explanations and unclear assignments.
30,6,2,7,5,1,10,9,10,6.25,"Average experience, assignments were manageable."
445,9,4,4,2,4,8,1,6,4.75,I struggled to understand the concepts.
591,6,9,8,5,10,6,2,10,7.0,"Average experience, assignments were manageable."
770,10,10,5,7,10,7,7,10,8.25,The course was excellent and very well structured.
484,9,6,8,10,3,2,8,4,6.25,"Average experience, assignments were manageable."
180,8,4,4,1,6,9,6,1,4.875,I struggled to understand the concepts.
946,5,5,5,6,1,3,10,5,5.0,"Some topics were clear, others a bit confusing."
901,9,8,6,1,2,9,8,2,5.625,"Average experience, assignments were manageable."
517,10,5,7,7,5,10,6,5,6.875,"Some topics were clear, others a bit confusing."
545,9,4,8,1,8,6,2,4,5.25,"Average experience, assignments were manageable."
918,8,3,8,9,9,1,6,1,5.625,The course was okay but could be improved in some areas.
652,8,3,4,8,3,2,2,3,4.125,Poor explanations and unclear assignments.
471,10,10,4,8,2,2,4,7,5.875,"Average experience, assignments were manageable."
323,6,8,7,5,4,1,9,3,5.375,"Average experience, assignments were manageable."
276,8,5,7,9,1,10,1,2,5.375,"Some topics were clear, others a bit confusing."
672,7,8,5,6,5,10,5,10,7.0,"Average experience, assignments were manageable."
337,10,7,6,8,9,5,1,1,5.875,"Some topics were clear, others a bit confusing."
468,7,7,8,4,2,1,5,10,5.5,"Some topics were clear, others a bit confusing."
380,8,8,4,8,2,4,9,2,5.625,"Some topics were clear, others a bit confusing."
755,9,8,7,2,9,6,3,7,6.375,The course was okay but could be improved in some areas.
267,8,9,4,4,8,4,8,1,5.75,"Average experience, assignments were manageable."
598,9,3,4,9,3,4,5,1,4.75,I struggled to understand the concepts.
128,6,2,6,1,9,3,9,2,4.75,I struggled to understand the concepts.
444,8,2,6,10,7,2,4,8,5.875,The course was okay but could be improved in some areas.
572,6,5,4,4,8,6,8,9,6.25,The course was okay but could be improved in some areas.
319,8,3,6,6,7,10,8,4,6.5,The course was okay but could be improved in some areas.
390,8,6,7,5,1,4,3,9,5.375,"Average experience, assignments were manageable."
176,10,2,6,7,4,10,1,3,5.375,"Average experience, assignments were manageable."
883,7,4,4,2,8,6,7,4,5.25,"Average experience, assignments were manageable."
831,5,2,8,3,5,10,7,7,5.875,"Some topics were clear, others a bit confusing."
220,10,5,8,7,9,7,2,7,6.875,"Average experience, assignments were manageable."
17,7,6,5,3,9,5,5,2,5.25,"Average experience, assignments were manageable."
938,10,10,6,5,2,9,9,9,7.5,"Some topics were clear, others a bit confusing."
651,8,7,6,3,9,10,6,1,6.25,The course was okay but could be improved in some areas.
953,5,10,8,10,6,4,6,4,6.625,The course was okay but could be improved in some areas.
902,5,8,6,10,4,5,5,9,6.5,The course was okay but could be improved in some areas.
167,7,7,5,8,6,9,9,8,7.375,"Average experience, assignments were manageable."
669,9,3,4,5,2,2,1,6,4.0,I struggled to understand the concepts.
859,8,3,5,9,10,3,1,6,5.625,"Some topics were clear, others a bit confusing."
120,8,4,7,5,4,4,10,6,6.0,The course was okay but could be improved in some areas.
293,10,4,7,1,6,7,7,4,5.75,The course was okay but could be improved in some areas.
789,10,2,8,7,9,8,1,4,6.125,The course was okay but could be improved in some areas.
182,5,2,7,2,3,6,1,9,4.375,I struggled to understand the concepts.
369,10,5,4,4,3,7,4,10,5.875,"Some topics were clear, others a bit confusing."
207,6,8,6,7,9,7,2,5,6.25,"Some topics were clear, others a bit confusing."
842,10,7,5,3,3,6,4,6,5.5,The course was okay but could be improved in some areas.
38,5,8,7,6,10,8,9,5,7.25,The course was okay but could be improved in some areas.
495,5,4,7,9,6,10,5,9,6.875,"Average experience, assignments were manageable."
942,10,6,8,3,7,8,4,5,6.375,"Average experience, assignments were manageable."
752,10,7,4,4,4,9,10,7,6.875,"Average experience, assignments were manageable."
940,7,3,6,9,10,8,3,5,6.375,"Average experience, assignments were manageable."
648,5,7,7,9,6,3,10,3,6.25,The course was okay but could be improved in some areas.
125,6,2,4,5,9,7,7,7,5.875,"Some topics were clear, others a bit confusing."
516,10,2,8,9,2,3,3,1,4.75,Poor explanations and unclear assignments.
963,9,6,4,5,3,3,6,6,5.25,The course was okay but could be improved in some areas.
215,5,6,6,2,1,9,5,8,5.25,The course was okay but could be improved in some areas.
823,7,5,8,3,4,3,1,10,5.125,The course was okay but could be improved in some areas.
840,5,7,5,6,9,9,10,6,7.125,The course was okay but could be improved in some areas.
429,8,3,5,1,8,1,8,9,5.375,The course was okay but could be improved in some areas.
109,6,3,5,6,1,6,6,10,5.375,The course was okay but could be improved in some areas.
795,6,9,8,4,2,6,10,6,6.375,"Average experience, assignments were manageable."
760,9,4,4,3,8,5,10,1,5.5,"Some topics were clear, others a bit confusing."
536,10,10,4,7,8,7,6,2,6.75,"Average experience, assignments were manageable."
888,6,6,5,2,3,6,6,3,4.625,The course was difficult to follow and needs improvement.
719,10,10,8,7,6,10,6,4,7.625,The course was okay but could be improved in some areas.
654,6,4,4,9,5,8,8,2,5.75,"Some topics were clear, others a bit confusing."
947,7,3,8,1,5,9,7,2,5.25,"Some topics were clear, others a bit confusing."
403,5,7,6,6,5,6,4,6,5.625,"Some topics were clear, others a bit confusing."
124,9,9,7,9,1,9,4,3,6.375,"Some topics were clear, others a bit confusing."
548,9,8,6,7,1,2,7,6,5.75,"Average experience, assignments were manageable."
880,7,3,6,3,5,3,3,10,5.0,"Some topics were clear, others a bit confusing."
939,10,10,7,4,1,2,3,9,5.75,"Some topics were clear, others a bit confusing."
166,6,10,4,4,4,8,4,6,5.75,The course was okay but could be improved in some areas.
885,5,6,7,7,2,2,5,7,5.125,"Average experience, assignments were manageable."
112,7,9,6,9,1,7,1,2,5.25,"Average experience, assignments were manageable."
811,8,8,8,6,1,4,9,1,5.625,"Some topics were clear, others a bit confusing."
213,10,8,4,10,1,5,6,2,5.75,The course was okay but could be improved in some areas.
375,10,4,4,1,3,4,7,9,5.25,"Some topics were clear, others a bit confusing."
897,6,7,4,1,9,8,8,7,6.25,"Average experience, assignments were manageable."
460,7,8,5,6,7,7,6,7,6.625,"Some topics were clear, others a bit confusing."
416,6,2,5,8,9,6,3,7,5.75,"Some topics were clear, others a bit confusing."
571,8,9,7,3,1,8,9,7,6.5,The course was okay but could be improved in some areas.
744,8,5,7,3,10,4,6,7,6.25,"Some topics were clear, others a bit confusing."
378,9,8,7,2,4,7,2,6,5.625,"Some topics were clear, others a bit confusing."
121,5,9,5,2,4,5,6,6,5.25,"Some topics were clear, others a bit confusing."
462,10,4,8,5,4,6,4,7,6.0,"Average experience, assignments were manageable."
777,8,6,4,6,4,7,10,1,5.75,The course was okay but could be improved in some areas.
845,5,10,6,8,4,4,4,5,5.75,"Average experience, assignments were manageable."
533,6,10,5,7,2,5,10,10,6.875,The course was okay but could be improved in some areas.
450,5,2,6,2,4,5,1,4,3.625,I struggled to understand the concepts.
717,6,2,4,6,6,2,6,9,5.125,The course was okay but could be improved in some areas.
469,10,8,6,1,3,5,8,10,6.375,The course was okay but could be improved in some areas.
670,7,7,8,1,6,1,2,1,4.125,The course was difficult to follow and needs improvement.
137,8,2,5,2,4,9,7,8,5.625,The course was okay but could be improved in some areas.
801,10,7,4,3,6,1,10,4,5.625,"Average experience, assignments were manageable."
315,5,10,5,10,8,4,8,4,6.75,The course was okay but could be improved in some areas.
153,7,7,5,3,8,9,8,9,7.0,The course was okay but could be improved in some areas.
190,8,6,7,5,6,4,3,8,5.875,The course was okay but could be improved in some areas.
22,7,9,4,1,2,8,10,4,5.625,The course was okay but could be improved in some areas.
949,9,8,7,1,7,6,9,4,6.375,The course was okay but could be improved in some areas.
523,10,2,6,9,7,5,10,9,7.25,"Average experience, assignments were manageable."
527,5,6,5,2,8,6,9,8,6.125,"Some topics were clear, others a bit confusing."
461,7,10,7,6,6,8,4,9,7.125,"Some topics were clear, others a bit confusing."
244,5,8,4,9,3,10,1,3,5.375,"Average experience, assignments were manageable."
363,9,3,8,10,2,7,5,1,5.625,"Some topics were clear, others a bit confusing."
610,8,10,6,8,2,1,5,1,5.125,"Some topics were clear, others a bit confusing."
381,9,2,8,8,1,9,1,2,5.0,"Some topics were clear, others a bit confusing."
954,8,8,6,3,9,5,7,2,6.0,"Average experience, assignments were manageable."
604,10,9,8,9,4,8,7,9,8.0,The course was excellent and very well structured.
414,10,6,4,8,2,9,9,3,6.375,"Some topics were clear, others a bit confusing."
151,8,7,5,10,8,3,8,6,6.875,"Average experience, assignments were manageable."
721,6,9,4,1,4,10,10,9,6.625,"Some topics were clear, others a bit confusing."
664,10,8,7,4,8,2,1,10,6.25,"Average experience, assignments were manageable."
956,7,2,6,5,2,3,8,7,5.0,The course was okay but could be improved in some areas.
747,5,3,5,6,5,10,3,6,5.375,"Some topics were clear, others a bit confusing."
438,9,6,5,9,2,3,9,3,5.75,"Some topics were clear, others a bit confusing."
975,5,10,4,8,7,6,8,3,6.375,The course was okay but could be improved in some areas.
277,5,6,8,7,2,7,1,10,5.75,"Some topics were clear, others a bit confusing."
312,7,2,7,6,6,3,7,2,5.0,The course was okay but could be improved in some areas.
565,10,9,7,10,4,8,5,4,7.125,"Average experience, assignments were manageable."
739,8,7,5,10,1,1,8,1,5.125,"Average experience, assignments were manageable."
584,8,8,5,8,6,6,9,4,6.75,"Some topics were clear, others a bit confusing."
894,6,3,5,4,7,1,5,5,4.5,Poor explanations and unclear assignments.
270,9,10,5,9,6,4,7,7,7.125,"Average experience, assignments were manageable."
966,7,4,5,3,1,8,10,2,5.0,"Average experience, assignments were manageable."
489,7,2,5,8,1,1,8,8,5.0,"Some topics were clear, others a bit confusing."
665,6,3,4,2,8,5,8,5,5.125,"Some topics were clear, others a bit confusing."
71,9,10,8,4,9,3,8,2,6.625,The course was okay but could be improved in some areas.
603,7,2,7,1,7,7,1,7,4.875,Poor explanations and unclear assignments.
196,8,10,8,10,6,7,7,7,7.875,The course was okay but could be improved in some areas.
804,9,3,7,6,10,7,9,7,7.25,The course was okay but could be improved in some areas.
837,5,10,4,1,4,8,9,1,5.25,"Some topics were clear, others a bit confusing."
530,6,5,4,9,1,2,3,6,4.5,I struggled to understand the concepts.
720,6,6,6,9,10,4,6,7,6.75,"Average experience, assignments were manageable."
272,5,4,6,4,4,7,7,9,5.75,"Average experience, assignments were manageable."
984,5,10,6,4,2,10,4,6,5.875,"Average experience, assignments were manageable."
185,10,3,8,4,1,10,7,9,6.5,The course was okay but could be improved in some areas.
487,6,6,4,2,10,10,1,9,6.0,"Some topics were clear, others a bit confusing."
75,8,9,8,6,2,7,9,10,7.375,"Some topics were clear, others a bit confusing."
718,6,3,6,7,6,6,2,6,5.25,The course was okay but could be improved in some areas.
496,10,7,4,6,10,5,3,6,6.375,"Average experience, assignments were manageable."
630,5,5,4,8,3,6,6,8,5.625,"Some topics were clear, others a bit confusing."
637,8,10,5,6,10,8,2,2,6.375,"Some topics were clear, others a bit confusing."
360,9,9,8,2,3,1,8,6,5.75,"Some topics were clear, others a bit confusing."
183,6,7,5,5,4,7,1,9,5.5,"Average experience, assignments were manageable."
689,10,8,7,8,1,9,5,10,7.25,"Average experience, assignments were manageable."
236,6,9,6,4,1,2,8,4,5.0,"Some topics were clear, others a bit confusing."
768,6,6,6,3,5,9,8,3,5.75,The course was okay but could be improved in some areas.
316,7,2,7,8,6,4,2,9,5.625,"Some topics were clear, others a bit confusing."
396,6,10,4,6,1,2,4,10,5.375,The course was okay but could be improved in some areas.
212,6,4,4,6,5,10,10,2,5.875,"Average experience, assignments were manageable."
830,9,7,7,10,7,8,6,4,7.25,"Some topics were clear, others a bit confusing."
209,9,8,5,3,3,10,7,2,5.875,"Average experience, assignments were manageable."
62,7,4,4,5,3,10,2,1,4.5,I struggled to understand the concepts.
447,8,7,7,1,4,7,10,9,6.625,"Some topics were clear, others a bit confusing."
100,6,6,6,10,7,5,7,8,6.875,The course was okay but could be improved in some areas.
305,10,8,8,4,6,3,10,4,6.625,"Average experience, assignments were manageable."
494,10,6,6,6,4,10,2,9,6.625,The course was okay but could be improved in some areas.
328,10,6,5,4,6,10,8,2,6.375,The course was okay but could be improved in some areas.
854,8,2,8,4,6,2,4,7,5.125,"Some topics were clear, others a bit confusing."
866,5,10,4,8,3,7,4,5,5.75,"Average experience, assignments were manageable."
943,8,9,7,10,6,7,7,6,7.5,"Some topics were clear, others a bit confusing."
734,9,8,5,3,10,1,8,3,5.875,The course was okay but could be improved in some areas.
189,9,3,6,2,3,8,10,7,6.0,"Some topics were clear, others a bit confusing."
404,10,5,7,8,1,5,10,4,6.25,"Average experience, assignments were manageable."
518,7,4,8,5,7,9,2,6,6.0,The course was okay but could be improved in some areas.
856,6,9,4,6,8,8,3,8,6.5,"Average experience, assignments were manageable."
70,9,2,5,8,10,9,7,6,7.0,"Some topics were clear, others a bit confusing."
457,7,4,8,2,3,6,8,4,5.25,The course was okay but could be improved in some areas.
148,5,4,4,4,8,10,5,5,5.625,"Some topics were clear, others a bit confusing."
958,10,10,5,8,5,10,7,8,7.875,The course was okay but could be improved in some areas.
356,7,3,7,6,4,2,1,10,5.0,The course was okay but could be improved in some areas.
793,10,9,6,4,7,6,8,3,6.625,"Average experience, assignments were manageable."
771,8,7,6,4,8,7,3,2,5.625,"Average experience, assignments were manageable."
452,5,6,7,9,7,8,6,1,6.125,"Average experience, assignments were manageable."
72,8,7,7,3,4,1,4,7,5.125,"Average experience, assignments were manageable."
710,7,2,6,5,7,7,6,10,6.25,The course was okay but could be improved in some areas.
980,6,3,7,1,5,4,9,4,4.875,The course was difficult to follow and needs improvement.
145,6,8,4,6,1,3,2,7,4.625,The course was difficult to follow and needs improvement.
960,6,9,6,1,3,3,5,8,5.125,"Some topics were clear, others a bit confusing."
660,5,7,7,3,10,3,3,4,5.25,"Average experience, assignments were manageable."
987,9,10,7,8,7,3,8,7,7.375,"Average experience, assignments were manageable."
534,9,5,7,5,2,6,10,8,6.5,The course was okay but could be improved in some areas.
858,9,5,5,3,2,2,7,7,5.0,"Average experience, assignments were manageable."
324,10,5,5,2,2,5,7,6,5.25,"Some topics were clear, others a bit confusing."
884,7,4,7,10,5,1,7,4,5.625,The course was okay but could be improved in some areas.
611,8,9,5,3,9,5,8,3,6.25,The course was okay but could be improved in some areas.
136,8,6,7,10,9,9,2,3,6.75,"Average experience, assignments were manageable."
705,9,3,6,3,3,5,1,2,4.0,I struggled to understand the concepts.
991,7,4,5,8,9,8,5,1,5.875,The course was okay but could be improved in some areas.
676,9,8,5,7,4,10,2,6,6.375,The course was okay but could be improved in some areas.
769,9,8,8,8,1,1,8,5,6.0,The course was okay but could be improved in some areas.
246,7,10,8,8,4,10,3,8,7.25,"Average experience, assignments were manageable."
644,9,6,8,2,7,6,4,6,6.0,"Average experience, assignments were manageable."
263,7,9,4,7,9,8,10,7,7.625,"Some topics were clear, others a bit confusing."
476,9,4,6,4,8,6,4,10,6.375,"Some topics were clear, others a bit confusing."
697,7,7,6,1,8,10,5,2,5.75,The course was okay but could be improved in some areas.
95,7,2,5,5,9,6,8,3,5.625,The course was okay but could be improved in some areas.
688,8,6,7,5,6,1,4,10,5.875,"Average experience, assignments were manageable."
633,8,2,4,7,4,6,7,4,5.25,"Average experience, assignments were manageable."
241,8,3,8,8,10,1,8,6,6.5,"Some topics were clear, others a bit confusing."
524,9,8,4,6,10,1,9,10,7.125,The course was okay but could be improved in some areas.
504,9,4,5,6,6,1,7,10,6.0,"Some topics were clear, others a bit confusing."
417,9,6,7,9,5,1,7,2,5.75,"Average experience, assignments were manageable."
554,6,6,8,2,4,6,4,10,5.75,"Some topics were clear, others a bit confusing."
656,6,2,7,2,5,6,9,9,5.75,The course was okay but could be improved in some areas.
19,10,4,6,3,9,10,9,3,6.75,"Some topics were clear, others a bit confusing."
275,8,5,4,9,5,5,8,10,6.75,"Some topics were clear, others a bit confusing."
478,5,10,7,6,8,7,3,9,6.875,"Average experience, assignments were manageable."
132,6,9,5,8,10,3,2,10,6.625,"Average experience, assignments were manageable."
515,8,3,5,10,3,4,9,4,5.75,The course was okay but could be improved in some areas.
44,8,9,5,3,6,9,4,9,6.625,"Some topics were clear, others a bit confusing."
388,6,10,4,5,6,4,4,9,6.0,"Average experience, assignments were manageable."
204,8,7,6,3,3,10,3,6,5.75,"Some topics were clear, others a bit confusing."
338,5,2,4,6,9,10,9,4,6.125,"Some topics were clear, others a bit confusing."
619,8,7,6,4,3,9,3,8,6.0,"Average experience, assignments were manageable."
205,8,4,4,2,1,7,9,7,5.25,The course was okay but could be improved in some areas.
39,7,3,7,10,6,4,8,2,5.875,The course was okay but could be improved in some areas.
53,5,8,5,1,10,8,5,7,6.125,"Some topics were clear, others a bit confusing."
58,9,3,7,1,2,3,10,7,5.25,"Some topics were clear, others a bit confusing."
157,9,6,8,2,8,4,4,3,5.5,The course was okay but could be improved in some areas.
28,8,6,6,9,9,9,4,7,7.25,The course was okay but could be improved in some areas.
833,8,6,7,7,7,9,10,9,7.875,The course was okay but could be improved in some areas.
252,8,9,4,6,10,2,7,5,6.375,"Average experience, assignments were manageable."
658,8,5,6,7,10,4,6,4,6.25,"Some topics were clear, others a bit confusing."
179,6,3,7,6,2,6,5,2,4.625,The course was difficult to follow and needs improvement.
851,9,6,4,10,2,1,3,10,5.625,"Average experience, assignments were manageable."
809,7,8,7,5,10,2,8,8,6.875,The course was okay but could be improved in some areas.
330,7,7,5,7,9,10,2,2,6.125,The course was okay but could be improved in some areas.
94,10,10,4,7,8,2,4,4,6.125,"Some topics were clear, others a bit confusing."
826,10,5,7,2,8,7,10,5,6.75,"Average experience, assignments were manageable."
227,9,3,6,4,7,4,4,7,5.5,"Average experience, assignments were manageable."
1000,9,8,5,4,10,7,7,10,7.5,"Average experience, assignments were manageable."
114,10,9,7,1,8,4,4,2,5.625,"Average experience, assignments were manageable."
251,5,9,6,9,6,4,5,2,5.75,The course was okay but could be improved in some areas.
613,5,6,6,3,9,4,2,9,5.5,"Average experience, assignments were manageable."
101,10,5,6,6,9,8,10,3,7.125,"Average experience, assignments were manageable."
871,7,8,7,10,10,7,2,2,6.625,"Average experience, assignments were manageable."
551,6,3,5,7,3,1,9,10,5.5,The course was okay but could be improved in some areas.
931,6,5,7,3,6,5,6,10,6.0,The course was okay but could be improved in some areas.
49,8,7,8,8,1,1,8,3,5.5,"Some topics were clear, others a bit confusing."
512,5,10,7,9,9,9,6,9,8.0,The course was excellent and very well structured.
261,9,9,7,7,4,10,5,9,7.5,"Some topics were clear, others a bit confusing."
754,6,9,4,4,3,10,2,10,6.0,The course was okay but could be improved in some areas.
345,8,2,8,9,10,10,9,5,7.625,"Some topics were clear, others a bit confusing."
970,10,9,5,7,6,7,4,7,6.875,"Some topics were clear, others a bit confusing."
990,6,9,6,4,9,5,10,8,7.125,The course was okay but could be improved in some areas.
911,6,4,4,10,9,4,7,2,5.75,"Some topics were clear, others a bit confusing."
909,9,8,5,9,5,6,9,7,7.25,"Some topics were clear, others a bit confusing."
817,6,5,7,10,10,4,6,6,6.75,The course was okay but could be improved in some areas.
733,10,10,5,1,4,1,3,4,4.75,Poor explanations and unclear assignments.
626,7,9,5,4,9,4,3,1,5.25,"Some topics were clear, others a bit confusing."
292,7,9,8,1,5,4,7,4,5.625,"Some topics were clear, others a bit confusing."
82,5,10,8,4,4,10,5,5,6.375,"Some topics were clear, others a bit confusing."
355,10,8,5,6,5,10,1,8,6.625,The course was okay but could be improved in some areas.
948,9,5,4,7,9,3,5,7,6.125,"Some topics were clear, others a bit confusing."
341,9,4,4,4,7,5,5,8,5.75,"Some topics were clear, others a bit confusing."
952,7,9,5,7,8,8,10,5,7.375,"Average experience, assignments were manageable."
711,7,3,4,6,3,7,6,4,5.0,The course was okay but could be improved in some areas.
635,7,3,8,6,7,4,10,5,6.25,"Average experience, assignments were manageable."
850,5,8,7,4,8,7,8,6,6.625,The course was okay but could be improved in some areas.
716,6,3,7,9,2,3,3,6,4.875,Poor explanations and unclear assignments.
627,10,2,4,1,6,5,9,5,5.25,"Some topics were clear, others a bit confusing."
661,6,10,4,3,8,2,7,6,5.75,The course was okay but could be improved in some areas.
877,8,9,4,5,10,10,10,2,7.25,"Some topics were clear, others a bit confusing."
177,8,2,6,2,8,1,9,9,5.625,"Some topics were clear, others a bit confusing."
322,8,10,7,3,3,3,1,5,5.0,The course was okay but could be improved in some areas.
914,9,2,4,2,4,2,2,9,4.25,Poor explanations and unclear assignments.
486,10,9,5,1,4,10,6,9,6.75,The course was okay but could be improved in some areas.
723,6,10,5,3,10,3,6,4,5.875,"Some topics were clear, others a bit confusing."
105,9,10,5,1,3,1,1,2,4.0,The course was difficult to follow and needs improvement.
52,6,10,4,1,7,3,10,2,5.375,"Some topics were clear, others a bit confusing."
436,9,9,4,10,1,10,10,2,6.875,The course was okay but could be improved in some areas.
829,6,9,5,3,2,2,10,9,5.75,The course was okay but could be improved in some areas.
753,5,10,8,7,5,10,9,7,7.625,The course was okay but could be improved in some areas.
130,7,9,5,9,3,2,5,4,5.5,The course was okay but could be improved in some areas.
91,6,5,4,2,5,8,3,3,4.5,I struggled to understand the concepts.
590,10,3,4,4,9,9,6,2,5.875,"Some topics were clear, others a bit confusing."
965,10,3,4,5,10,3,7,3,5.625,"Some topics were clear, others a bit confusing."
99,8,9,6,2,2,3,10,6,5.75,The course was okay but could be improved in some areas.
912,7,10,7,10,2,7,5,7,6.875,The course was okay but could be improved in some areas.
395,9,6,8,2,7,9,8,10,7.375,"Some topics were clear, others a bit confusing."
923,6,3,5,6,9,4,10,3,5.75,The course was okay but could be improved in some areas.
499,7,9,8,3,5,1,5,2,5.0,"Average experience, assignments were manageable."
115,5,5,7,1,3,8,1,10,5.0,The course was okay but could be improved in some areas.
815,5,9,6,6,2,9,5,3,5.625,The course was okay but could be improved in some areas.
570,10,10,6,8,9,2,8,10,7.875,"Some topics were clear, others a bit confusing."
825,9,7,8,1,3,2,9,3,5.25,The course was okay but could be improved in some areas.
620,9,5,8,2,8,10,8,8,7.25,The course was okay but could be improved in some areas.
175,10,9,8,2,1,6,7,2,5.625,The course was okay but could be improved in some areas.
358,5,7,4,3,3,10,3,4,4.875,I struggled to understand the concepts.
191,7,4,5,2,5,10,4,7,5.5,"Some topics were clear, others a bit confusing."
492,6,5,8,10,3,8,3,2,5.625,The course was okay but could be improved in some areas.
529,9,6,6,1,4,10,1,7,5.5,"Some topics were clear, others a bit confusing."
389,5,5,8,6,2,3,5,7,5.125,"Average experience, assignments were manageable."
878,6,5,8,4,10,3,9,10,6.875,"Some topics were clear, others a bit confusing."
368,7,9,8,3,2,7,4,1,5.125,"Some topics were clear, others a bit confusing."
122,7,5,5,3,9,6,9,2,5.75,"Average experience, assignments were manageable."
332,9,2,7,2,8,7,4,10,6.125,The course was okay but could be improved in some areas.
303,7,4,5,4,7,2,1,6,4.5,Poor explanations and unclear assignments.
336,8,10,4,5,6,7,2,3,5.625,"Some topics were clear, others a bit confusing."
588,6,6,4,10,10,10,3,9,7.25,The course was okay but could be improved in some areas.
609,10,9,4,4,1,5,9,10,6.5,"Some topics were clear, others a bit confusing."
920,10,6,7,10,10,2,4,2,6.375,"Some topics were clear, others a bit confusing."
370,9,4,7,10,1,10,2,7,6.25,"Average experience, assignments were manageable."
405,10,2,5,5,5,1,4,6,4.75,The course was difficult to follow and needs improvement.
779,10,8,6,3,8,8,7,8,7.25,"Average experience, assignments were manageable."
962,10,6,4,5,1,7,1,10,5.5,"Some topics were clear, others a bit confusing."
268,10,6,5,9,9,1,8,6,6.75,"Some topics were clear, others a bit confusing."
625,10,7,6,7,9,6,3,3,6.375,"Average experience, assignments were manageable."
217,8,9,8,3,8,5,5,5,6.375,"Some topics were clear, others a bit confusing."
479,10,10,4,6,5,9,2,3,6.125,The course was okay but could be improved in some areas.
500,9,5,8,4,2,2,5,1,4.5,The course was difficult to follow and needs improvement.
409,8,9,7,3,10,4,6,1,6.0,The course was okay but could be improved in some areas.
546,7,7,5,1,9,8,1,1,4.875,The course was difficult to follow and needs improvement.
967,5,5,8,8,1,9,8,5,6.125,The course was okay but could be improved in some areas.
343,8,4,7,1,10,8,2,6,5.75,"Some topics were clear, others a bit confusing."
639,7,4,7,7,6,10,5,7,6.625,"Average experience, assignments were manageable."
402,6,8,6,9,4,8,5,7,6.625,"Some topics were clear, others a bit confusing."
617,5,7,5,4,7,1,10,6,5.625,"Average experience, assignments were manageable."
349,6,8,8,2,9,9,2,8,6.5,The course was okay but could be improved in some areas.
994,8,5,5,2,5,5,9,5,5.5,The course was okay but could be improved in some areas.
279,5,10,7,1,4,4,9,4,5.5,The course was okay but could be improved in some areas.
926,10,7,5,1,1,6,6,1,4.625,I struggled to understand the concepts.
816,10,8,5,9,2,7,9,3,6.625,"Some topics were clear, others a bit confusing."
765,8,7,8,5,7,7,7,7,7.0,The course was okay but could be improved in some areas.
160,10,6,5,4,2,10,4,7,6.0,"Some topics were clear, others a bit confusing."
606,8,3,8,1,6,4,8,9,5.875,"Average experience, assignments were manageable."
602,5,3,6,2,8,10,3,1,4.75,I struggled to understand the concepts.
893,10,6,8,1,1,10,1,3,5.0,"Some topics were clear, others a bit confusing."
810,9,6,7,3,5,9,10,5,6.75,"Average experience, assignments were manageable."
802,8,2,6,6,3,8,7,7,5.875,The course was okay but could be improved in some areas.
162,6,2,5,2,10,2,8,8,5.375,"Average experience, assignments were manageable."
449,5,7,8,9,3,2,7,10,6.375,"Some topics were clear, others a bit confusing."
463,7,8,7,8,1,4,4,1,5.0,The course was okay but could be improved in some areas.
41,5,3,5,9,3,1,8,8,5.25,The course was okay but could be improved in some areas.
838,6,3,6,8,7,1,8,8,5.875,"Average experience, assignments were manageable."
703,10,7,8,3,4,7,9,8,7.0,The course was okay but could be improved in some areas.
490,9,2,6,10,9,8,2,4,6.25,"Average experience, assignments were manageable."
906,7,7,8,4,5,2,4,5,5.25,"Some topics were clear, others a bit confusing."
174,7,3,6,7,10,10,2,3,6.0,"Average experience, assignments were manageable."
4,5,8,5,7,10,7,3,1,5.75,The course was okay but could be improved in some areas.
161,6,7,8,3,5,10,6,4,6.125,The course was okay but could be improved in some areas.
31,5,4,5,9,9,2,4,1,4.875,I struggled to understand the concepts.
623,6,4,6,6,10,10,3,9,6.75,"Some topics were clear, others a bit confusing."
818,10,5,4,9,2,6,2,6,5.5,"Average experience, assignments were manageable."
60,5,6,5,3,1,7,5,3,4.375,The course was difficult to follow and needs improvement.
384,6,2,7,9,4,4,2,8,5.25,"Average experience, assignments were manageable."
971,7,6,7,4,6,6,7,9,6.5,"Average experience, assignments were manageable."
427,7,3,7,2,9,8,8,7,6.375,The course was okay but could be improved in some areas.
431,10,9,4,3,3,9,4,1,5.375,"Some topics were clear, others a bit confusing."
408,6,5,4,7,1,8,6,7,5.5,"Average experience, assignments were manageable."
577,10,7,4,10,7,2,5,1,5.75,"Average experience, assignments were manageable."
803,6,10,8,5,6,5,6,7,6.625,The course was okay but could be improved in some areas.
273,9,3,7,1,5,3,8,4,5.0,The course was okay but could be improved in some areas.
371,6,3,4,9,4,10,4,10,6.25,"Average experience, assignments were manageable."
999,6,7,8,8,9,9,9,5,7.625,"Some topics were clear, others a bit confusing."
595,10,5,5,4,10,4,4,4,5.75,"Some topics were clear, others a bit confusing."
63,8,8,7,4,4,4,8,2,5.625,"Average experience, assignments were manageable."
899,5,4,7,7,2,6,1,1,4.125,Poor explanations and unclear assignments.
0,7,4,8,2,1,4,8,3,4.625,Poor explanations and unclear assignments.
796,7,9,6,2,7,7,6,8,6.5,"Some topics were clear, others a bit confusing."
181,10,10,4,2,1,5,3,1,4.5,Poor explanations and unclear assignments.
290,6,7,6,4,2,8,9,7,6.125,"Some topics were clear, others a bit confusing."
373,6,4,8,10,5,3,10,10,7.0,"Average experience, assignments were manageable."
285,6,10,5,7,3,3,5,1,5.0,"Some topics were clear, others a bit confusing."
882,6,3,4,1,7,5,4,2,4.0,Poor explanations and unclear assignments.
776,8,3,7,6,3,7,6,7,5.875,"Some topics were clear, others a bit confusing."
935,10,9,7,2,8,2,1,2,5.125,The course was okay but could be improved in some areas.
679,10,6,4,5,10,9,6,7,7.125,"Average experience, assignments were manageable."
102,7,4,6,3,5,7,5,5,5.25,"Average experience, assignments were manageable."
618,5,8,6,9,3,8,7,9,6.875,The course was okay but could be improved in some areas.
607,8,4,4,10,10,8,3,7,6.75,"Some topics were clear, others a bit confusing."
743,9,7,7,10,1,5,5,10,6.75,"Some topics were clear, others a bit confusing."
682,8,5,8,9,2,10,3,4,6.125,The course was okay but could be improved in some areas.
16,5,3,6,6,5,8,8,2,5.375,"Some topics were clear, others a bit confusing."
969,8,6,8,10,2,1,3,2,5.0,"Some topics were clear, others a bit confusing."
46,8,4,4,9,5,7,4,8,6.125,"Some topics were clear, others a bit confusing."
706,6,8,7,9,8,6,4,1,6.125,"Some topics were clear, others a bit confusing."
993,9,9,4,1,5,2,9,9,6.0,"Average experience, assignments were manageable."
508,10,6,5,8,8,5,7,10,7.375,The course was okay but could be improved in some areas.
989,8,4,5,4,8,6,7,3,5.625,The course was okay but could be improved in some areas.
133,10,4,7,3,5,4,4,5,5.25,"Some topics were clear, others a bit confusing."
15,8,9,8,3,6,10,2,3,6.125,"Some topics were clear, others a bit confusing."
78,10,9,6,8,10,7,7,8,8.125,The course was excellent and very well structured.
433,6,6,8,4,8,9,4,1,5.75,"Some topics were clear, others a bit confusing."
784,7,7,4,3,7,8,6,10,6.5,The course was okay but could be improved in some areas.
983,5,2,4,1,9,4,3,2,3.75,The course was difficult to follow and needs improvement.
197,9,3,5,9,8,2,4,10,6.25,"Average experience, assignments were manageable."
483,8,2,6,2,10,2,2,5,4.625,Poor explanations and unclear assignments.
376,5,5,5,8,8,4,6,10,6.375,The course was okay but could be improved in some areas.
915,10,7,4,6,9,4,9,5,6.75,"Some topics were clear, others a bit confusing."
210,6,5,7,9,5,1,2,4,4.875,Poor explanations and unclear assignments.
20,8,4,5,1,10,10,7,5,6.25,The course was okay but could be improved in some areas.
425,5,9,8,1,10,8,10,10,7.625,"Some topics were clear, others a bit confusing."
668,6,3,6,1,2,10,9,3,5.0,The course was okay but could be improved in some areas.
54,7,2,5,1,5,3,1,3,3.375,I struggled to understand the concepts.
950,7,2,7,10,5,3,4,7,5.625,"Average experience, assignments were manageable."
782,6,7,4,2,2,1,3,8,4.125,Poor explanations and unclear assignments.
108,5,5,7,5,10,7,3,9,6.375,The course was okay but could be improved in some areas.
400,9,4,5,5,8,10,6,10,7.125,"Average experience, assignments were manageable."
685,10,9,7,3,1,6,6,4,5.75,The course was okay but could be improved in some areas.
673,9,3,4,4,7,9,8,4,6.0,"Some topics were clear, others a bit confusing."
198,6,7,7,7,3,5,4,3,5.25,The course was okay but could be improved in some areas.
14,5,5,8,9,7,5,2,1,5.25,The course was okay but could be improved in some areas.
172,6,5,8,3,4,3,10,3,5.25,The course was okay but could be improved in some areas.
359,5,6,7,6,9,5,1,5,5.5,"Average experience, assignments were manageable."
714,10,5,5,5,7,5,7,9,6.625,"Some topics were clear, others a bit confusing."
785,7,6,7,1,7,5,5,9,5.875,"Some topics were clear, others a bit confusing."
865,8,4,6,2,7,5,2,7,5.125,"Some topics were clear, others a bit confusing."
662,10,6,4,5,1,9,6,3,5.5,The course was okay but could be improved in some areas.
513,9,10,7,7,9,2,10,1,6.875,The course was okay but could be improved in some areas.
722,7,10,5,5,4,9,6,7,6.625,"Some topics were clear, others a bit confusing."
8,6,7,6,10,6,9,9,10,7.875,"Average experience, assignments were manageable."
873,10,10,4,5,9,10,2,5,6.875,The course was okay but could be improved in some areas.
684,10,3,7,4,4,5,1,10,5.5,"Some topics were clear, others a bit confusing."
73,7,2,5,6,3,1,1,4,3.625,The course was difficult to follow and needs improvement.
900,9,8,5,8,4,6,9,7,7.0,The course was okay but could be improved in some areas.
933,6,9,4,8,7,10,3,5,6.5,The course was okay but could be improved in some areas.
634,6,7,6,6,1,6,3,8,5.375,The course was okay but could be improved in some areas.
835,8,2,7,8,3,4,3,4,4.875,The course was difficult to follow and needs improvement.
422,9,8,4,4,8,3,4,10,6.25,"Some topics were clear, others a bit confusing."
235,6,2,8,8,6,3,3,1,4.625,I struggled to understand the concepts.
286,10,3,7,10,8,8,4,9,7.375,"Some topics were clear, others a bit confusing."
129,7,3,4,9,1,4,4,9,5.125,The course was okay but could be improved in some areas.
443,7,9,8,2,4,5,1,5,5.125,"Some topics were clear, others a bit confusing."
301,10,7,7,4,3,4,9,2,5.75,The course was okay but could be improved in some areas.
532,10,2,4,2,2,6,10,9,5.625,"Some topics were clear, others a bit confusing."
64,6,2,8,1,8,4,8,4,5.125,"Average experience, assignments were manageable."
860,10,8,4,3,7,1,4,5,5.25,"Some topics were clear, others a bit confusing."
559,8,4,4,6,5,5,1,7,5.0,The course was okay but could be improved in some areas.
311,7,5,6,8,4,9,8,9,7.0,"Average experience, assignments were manageable."
32,9,3,7,7,6,1,9,2,5.5,"Average experience, assignments were manageable."
296,10,7,4,2,2,10,10,8,6.625,"Average experience, assignments were manageable."
419,10,2,5,8,5,3,3,10,5.75,"Some topics were clear, others a bit confusing."
83,10,6,6,1,8,1,3,9,5.5,"Average experience, assignments were manageable."
594,7,2,7,6,7,2,3,6,5.0,The course was okay but could be improved in some areas.
501,5,2,8,4,7,6,10,4,5.75,The course was okay but could be improved in some areas.
411,8,4,4,4,8,4,3,1,4.5,I struggled to understand the concepts.
824,10,7,7,9,4,9,9,8,7.875,"Average experience, assignments were manageable."
585,7,6,8,2,4,7,10,9,6.625,"Average experience, assignments were manageable."
848,9,9,6,1,9,2,8,6,6.25,"Average experience, assignments were manageable."
299,10,8,5,5,4,3,1,9,5.625,"Average experience, assignments were manageable."
107,9,4,8,6,10,4,5,9,6.875,The course was okay but could be improved in some areas.
119,9,10,5,1,9,6,7,6,6.625,"Some topics were clear, others a bit confusing."
335,5,3,4,2,8,4,7,6,4.875,Poor explanations and unclear assignments.
557,5,5,8,2,4,10,6,1,5.125,"Average experience, assignments were manageable."
113,5,6,7,1,10,6,4,7,5.75,The course was okay but could be improved in some areas.
281,5,6,6,3,4,1,1,1,3.375,Poor explanations and unclear assignments.
836,9,3,4,6,6,3,2,7,5.0,The course was okay but could be improved in some areas.
426,9,8,7,8,10,6,9,8,8.125,The course was excellent and very well structured.
42,8,2,4,6,6,7,3,1,4.625,I struggled to understand the concepts.
567,9,3,8,1,4,9,10,9,6.625,"Some topics were clear, others a bit confusing."
589,5,8,7,5,6,7,8,9,6.875,"Average experience, assignments were manageable."
187,5,5,6,2,6,1,8,5,4.75,I struggled to understand the concepts.
615,5,6,7,9,1,1,1,5,4.375,The course was difficult to follow and needs improvement.
556,9,9,5,5,1,3,6,10,6.0,The course was okay but could be improved in some areas.
3,9,6,5,9,10,5,5,4,6.625,"Average experience, assignments were manageable."
667,9,9,6,2,1,3,10,2,5.25,"Average experience, assignments were manageable."
234,7,2,4,5,1,8,7,2,4.5,I struggled to understand the concepts.
96,6,6,5,10,8,10,5,2,6.5,"Some topics were clear, others a bit confusing."
691,7,7,8,8,5,4,8,2,6.125,The course was okay but could be improved in some areas.
269,9,10,6,10,10,1,9,10,8.125,The course was excellent and very well structured.
566,8,10,6,10,7,6,6,1,6.75,"Average experience, assignments were manageable."
985,5,5,4,8,7,6,7,3,5.625,"Average experience, assignments were manageable."
437,7,2,6,7,5,8,1,8,5.5,The course was okay but could be improved in some areas.
200,8,4,8,6,8,4,7,1,5.75,The course was okay but could be improved in some areas.
291,10,3,7,8,2,10,3,3,5.75,The course was okay but could be improved in some areas.
612,8,9,8,7,1,2,8,4,5.875,The course was okay but could be improved in some areas.
448,6,7,7,9,2,9,2,5,5.875,"Some topics were clear, others a bit confusing."
439,6,8,7,7,7,4,5,4,6.0,"Average experience, assignments were manageable."
573,5,5,5,8,8,9,8,2,6.25,The course was okay but could be improved in some areas.
7,5,8,5,6,2,10,4,8,6.0,"Average experience, assignments were manageable."
725,5,10,8,4,3,5,1,6,5.25,"Average experience, assignments were manageable."
50,9,8,6,7,1,6,7,4,6.0,"Average experience, assignments were manageable."
423,7,9,5,10,10,7,7,3,7.25,"Average experience, assignments were manageable."
140,7,10,6,8,6,10,9,6,7.75,The course was okay but could be improved in some areas.
135,8,9,7,3,6,10,2,9,6.75,"Some topics were clear, others a bit confusing."
786,5,4,7,5,5,6,7,1,5.0,"Some topics were clear, others a bit confusing."
601,8,9,4,5,4,3,1,10,5.5,"Average experience, assignments were manageable."
493,9,4,4,9,4,3,6,7,5.75,"Average experience, assignments were manageable."
553,7,2,4,7,3,5,1,3,4.0,Poor explanations and unclear assignments.
27,7,3,5,5,5,1,8,6,5.0,The course was okay but could be improved in some areas.
257,8,5,6,4,4,1,5,4,4.625,Poor explanations and unclear assignments.
225,10,4,5,9,3,6,9,4,6.25,The course was okay but could be improved in some areas.
788,6,5,6,3,10,4,3,8,5.625,The course was okay but could be improved in some areas.
37,8,9,5,3,4,3,5,2,4.875,The course was difficult to follow and needs improvement.
170,5,10,7,2,8,5,9,5,6.375,The course was okay but could be improved in some areas.
528,9,2,5,2,6,5,1,6,4.5,The course was difficult to follow and needs improvement.
600,7,8,6,10,6,7,7,6,7.125,"Some topics were clear, others a bit confusing."
655,7,8,5,4,1,6,6,8,5.625,"Average experience, assignments were manageable."
74,8,8,6,1,2,5,2,6,4.75,Poor explanations and unclear assignments.
505,9,6,8,5,8,4,7,6,6.625,"Average experience, assignments were manageable."
377,5,5,7,3,9,6,1,4,5.0,"Some topics were clear, others a bit confusing."
808,8,6,4,5,1,8,8,3,5.375,"Some topics were clear, others a bit confusing."
366,9,9,8,2,1,10,5,2,5.75,"Some topics were clear, others a bit confusing."
238,8,7,5,10,10,9,7,10,8.25,I really enjoyed the lectures and learned a lot.
255,9,10,7,10,3,2,7,8,7.0,The course was okay but could be improved in some areas.
123,10,2,4,5,9,8,3,5,5.75,"Average experience, assignments were manageable."
663,6,2,8,2,5,7,5,7,5.25,"Some topics were clear, others a bit confusing."
876,6,7,4,4,9,2,5,9,5.75,"Some topics were clear, others a bit confusing."
690,5,10,8,4,2,7,9,6,6.375,The course was okay but could be improved in some areas.
309,5,8,4,9,2,1,4,5,4.75,The course was difficult to follow and needs improvement.
693,7,9,8,1,5,10,3,7,6.25,"Average experience, assignments were manageable."
226,7,6,8,8,8,5,8,8,7.25,"Average experience, assignments were manageable."
951,10,10,7,10,5,9,7,1,7.375,The course was okay but could be improved in some areas.
260,9,3,7,4,7,2,8,3,5.375,The course was okay but could be improved in some areas.
243,9,8,8,8,4,10,8,9,8.0,The course was excellent and very well structured.
222,5,4,4,2,7,9,5,3,4.875,I struggled to understand the concepts.
314,5,10,6,8,6,6,10,4,6.875,The course was okay but could be improved in some areas.
229,7,6,8,2,2,10,8,8,6.375,"Some topics were clear, others a bit confusing."
85,5,6,8,9,3,4,4,4,5.375,The course was okay but could be improved in some areas.
76,8,9,8,6,3,10,7,2,6.625,The course was okay but could be improved in some areas.
887,6,9,5,8,9,7,6,2,6.5,The course was okay but could be improved in some areas.
582,8,4,7,8,1,5,9,3,5.625,"Some topics were clear, others a bit confusing."
674,8,5,6,8,7,10,2,7,6.625,"Some topics were clear, others a bit confusing."
986,7,2,6,2,4,7,10,7,5.625,The course was okay but could be improved in some areas.
511,8,4,4,5,2,10,10,6,6.125,"Average experience, assignments were manageable."
879,6,10,5,10,9,5,5,4,6.75,The course was okay but could be improved in some areas.
401,8,10,7,2,8,10,8,9,7.75,The course was okay but could be improved in some areas.
514,6,6,7,10,7,7,6,3,6.5,"Average experience, assignments were manageable."
750,10,3,8,1,5,1,3,5,4.5,I struggled to understand the concepts.
156,7,4,7,9,10,8,5,8,7.25,"Some topics were clear, others a bit confusing."
775,5,6,7,2,5,4,1,4,4.25,Poor explanations and unclear assignments.
329,9,8,8,5,3,3,10,8,6.75,The course was okay but could be improved in some areas.
467,8,10,5,7,7,1,3,6,5.875,The course was okay but could be improved in some areas.
178,7,7,4,7,1,2,1,2,3.875,I struggled to understand the concepts.
549,5,3,7,6,8,8,5,5,5.875,The course was okay but could be improved in some areas.
453,8,4,4,4,2,8,1,4,4.375,Poor explanations and unclear assignments.
307,6,9,5,1,6,5,3,5,5.0,The course was okay but could be improved in some areas.
472,6,8,7,7,9,9,2,3,6.375,"Some topics were clear, others a bit confusing."
392,7,7,4,9,7,10,8,4,7.0,"Some topics were clear, others a bit confusing."
65,6,4,4,6,3,10,8,3,5.5,The course was okay but could be improved in some areas.
575,9,4,7,7,1,1,5,1,4.375,The course was difficult to follow and needs improvement.
855,8,3,6,4,1,1,9,7,4.875,Poor explanations and unclear assignments.
791,5,9,4,4,1,4,10,9,5.75,"Average experience, assignments were manageable."
391,5,3,7,6,7,6,9,4,5.875,"Some topics were clear, others a bit confusing."
973,6,3,4,6,4,6,6,9,5.5,"Average experience, assignments were manageable."
828,8,3,5,2,9,5,6,3,5.125,The course was okay but could be improved in some areas.
247,6,9,6,5,2,2,3,7,5.0,"Some topics were clear, others a bit confusing."
412,9,2,5,8,7,2,10,4,5.875,The course was okay but could be improved in some areas.
67,7,9,4,3,9,1,1,2,4.5,The course was difficult to follow and needs improvement.
289,5,2,5,8,9,2,7,2,5.0,"Average experience, assignments were manageable."
399,10,6,4,8,6,5,10,4,6.625,"Some topics were clear, others a bit confusing."
138,8,5,8,8,10,4,2,6,6.375,"Average experience, assignments were manageable."
537,10,6,4,9,9,5,7,5,6.875,The course was okay but could be improved in some areas.
265,5,9,7,6,5,6,5,3,5.75,"Some topics were clear, others a bit confusing."
724,5,2,6,1,7,3,3,1,3.5,I struggled to understand the concepts.
653,5,6,5,6,6,3,9,2,5.25,"Average experience, assignments were manageable."
318,6,8,5,10,6,7,10,8,7.5,"Some topics were clear, others a bit confusing."
232,6,8,5,5,1,1,7,8,5.125,"Average experience, assignments were manageable."
21,9,7,5,3,6,6,1,6,5.375,"Average experience, assignments were manageable."
998,9,7,5,1,2,2,1,10,4.625,The course was difficult to follow and needs improvement.
694,9,8,8,10,7,7,7,2,7.25,"Some topics were clear, others a bit confusing."
927,6,2,6,2,10,3,6,4,4.875,Poor explanations and unclear assignments.
348,7,9,5,6,5,5,8,6,6.375,"Average experience, assignments were manageable."
968,6,7,6,3,8,1,9,3,5.375,"Some topics were clear, others a bit confusing."
992,10,6,4,3,8,6,10,3,6.25,"Some topics were clear, others a bit confusing."
764,9,3,7,6,3,8,10,2,6.0,The course was okay but could be improved in some areas.
587,5,4,8,2,2,2,4,10,4.625,I struggled to understand the concepts.
944,10,8,6,8,8,7,9,6,7.75,"Average experience, assignments were manageable."
239,5,10,4,3,2,7,4,4,4.875,Poor explanations and unclear assignments.
886,7,7,5,5,10,1,9,9,6.625,"Average experience, assignments were manageable."
23,9,7,4,2,1,2,9,3,4.625,The course was difficult to follow and needs improvement.
458,6,2,4,6,6,10,4,1,4.875,The course was difficult to follow and needs improvement.
822,6,2,7,1,5,4,1,10,4.5,The course was difficult to follow and needs improvement.
413,7,10,4,2,3,1,10,1,4.75,Poor explanations and unclear assignments.
563,7,4,8,8,7,3,3,10,6.25,"Average experience, assignments were manageable."
331,8,8,7,5,10,4,7,5,6.75,"Average experience, assignments were manageable."
434,7,7,7,6,1,8,9,6,6.375,The course was okay but could be improved in some areas.
456,10,4,8,6,5,1,10,1,5.625,"Average experience, assignments were manageable."
430,9,6,4,9,8,6,4,3,6.125,The course was okay but could be improved in some areas.
896,6,8,7,5,4,4,5,5,5.5,The course was okay but could be improved in some areas.
451,9,3,6,10,7,8,9,10,7.75,The course was okay but could be improved in some areas.
477,5,2,5,6,10,6,10,8,6.5,"Some topics were clear, others a bit confusing."
9,7,5,4,5,1,3,5,6,4.5,I struggled to understand the concepts.
325,7,5,7,6,1,5,8,6,5.625,"Average experience, assignments were manageable."
812,9,5,4,4,2,4,2,6,4.5,Poor explanations and unclear assignments.
727,7,2,6,4,2,10,9,5,5.625,"Some topics were clear, others a bit confusing."
928,6,7,6,9,4,8,5,8,6.625,"Some topics were clear, others a bit confusing."
134,9,9,7,4,7,10,8,3,7.125,The course was okay but could be improved in some areas.
819,6,7,8,8,9,10,2,2,6.5,"Some topics were clear, others a bit confusing."
230,7,2,8,2,6,1,9,2,4.625,Poor explanations and unclear assignments.
520,9,3,5,6,7,10,10,3,6.625,The course was okay but could be improved in some areas.
326,7,10,8,8,6,4,9,7,7.375,"Some topics were clear, others a bit confusing."
142,6,8,4,10,8,5,8,6,6.875,The course was okay but could be improved in some areas.
491,5,4,8,6,1,3,4,4,4.375,I struggled to understand the concepts.
379,7,5,6,2,9,7,3,10,6.125,"Average experience, assignments were manageable."
465,5,2,8,8,6,8,2,4,5.375,"Some topics were clear, others a bit confusing."
756,6,7,7,3,2,6,9,7,5.875,"Average experience, assignments were manageable."
347,6,8,7,3,5,1,2,8,5.0,"Some topics were clear, others a bit confusing."
237,10,4,5,8,7,8,2,8,6.5,"Average experience, assignments were manageable."
642,5,7,6,8,9,6,6,7,6.75,The course was okay but could be improved in some areas.
506,9,7,4,1,5,7,5,1,4.875,The course was difficult to follow and needs improvement.
646,7,8,5,4,7,8,8,8,6.875,The course was okay but could be improved in some areas.
382,10,10,7,5,2,3,6,3,5.75,"Average experience, assignments were manageable."
256,6,7,4,5,9,8,6,5,6.25,The course was okay but could be improved in some areas.
327,8,8,5,10,2,1,10,5,6.125,The course was okay but could be improved in some areas.
624,7,3,7,10,2,1,8,8,5.75,The course was okay but could be improved in some areas.
155,8,8,8,10,3,9,7,3,7.0,The course was okay but could be improved in some areas.
578,8,10,7,4,5,8,7,6,6.875,"Some topics were clear, others a bit confusing."
640,10,9,4,10,2,4,3,1,5.375,"Some topics were clear, others a bit confusing."
997,9,8,8,6,8,3,3,10,6.875,"Average experience, assignments were manageable."
242,7,9,5,4,5,9,1,4,5.5,The course was okay but could be improved in some areas.
344,7,6,8,9,8,3,8,5,6.75,"Average experience, assignments were manageable."
699,9,5,4,8,4,2,2,8,5.25,"Average experience, assignments were manageable."
77,9,4,5,9,2,1,5,10,5.625,The course was okay but could be improved in some areas.
821,8,9,5,5,8,9,4,9,7.125,"Some topics were clear, others a bit confusing."
903,9,8,8,8,4,8,4,1,6.25,"Some topics were clear, others a bit confusing."
540,9,10,7,3,2,4,4,5,5.5,"Some topics were clear, others a bit confusing."
596,5,8,7,7,1,2,10,3,5.375,"Average experience, assignments were manageable."
169,8,2,6,3,3,6,9,3,5.0,"Average experience, assignments were manageable."
526,9,5,5,5,2,6,4,9,5.625,The course was okay but could be improved in some areas.
361,7,2,6,4,5,7,8,3,5.25,"Average experience, assignments were manageable."
917,8,6,5,3,7,5,4,8,5.75,"Some topics were clear, others a bit confusing."
342,5,9,8,1,9,8,7,10,7.125,"Some topics were clear, others a bit confusing."
599,5,2,4,8,4,8,9,5,5.625,"Average experience, assignments were manageable."
875,5,4,7,3,5,6,4,5,4.875,The course was difficult to follow and needs improvement.
745,5,9,5,10,8,2,9,1,6.125,The course was okay but could be improved in some areas.
131,9,4,8,2,7,5,2,10,5.875,"Some topics were clear, others a bit confusing."
143,6,6,7,8,10,3,3,9,6.5,"Average experience, assignments were manageable."
666,10,5,6,8,1,2,7,7,5.75,"Average experience, assignments were manageable."
104,8,5,4,2,7,9,4,4,5.375,"Some topics were clear, others a bit confusing."
964,8,5,5,3,10,5,5,3,5.5,"Some topics were clear, others a bit confusing."
208,8,7,5,7,2,3,2,8,5.25,"Some topics were clear, others a bit confusing."
774,7,10,5,4,6,10,9,6,7.125,"Average experience, assignments were manageable."
346,10,7,4,9,3,2,10,8,6.625,The course was okay but could be improved in some areas.
97,7,8,7,9,6,3,10,7,7.125,"Average experience, assignments were manageable."
306,9,10,4,1,3,3,2,5,4.625,The course was difficult to follow and needs improvement.
18,9,6,6,1,5,8,4,10,6.125,"Average experience, assignments were manageable."
284,5,7,6,3,10,3,8,6,6.0,The course was okay but could be improved in some areas.
173,5,7,5,10,10,10,3,10,7.5,The course was okay but could be improved in some areas.
558,7,9,5,5,9,7,3,5,6.25,The course was okay but could be improved in some areas.
51,7,2,6,2,8,2,10,2,4.875,The course was difficult to follow and needs improvement.
357,5,8,7,5,4,1,8,8,5.75,"Average experience, assignments were manageable."
692,8,8,6,9,5,8,7,10,7.625,"Some topics were clear, others a bit confusing."
26,8,2,6,10,9,9,4,5,6.625,The course was okay but could be improved in some areas.
386,9,5,5,4,6,5,7,7,6.0,The course was okay but could be improved in some areas.
287,5,9,5,5,10,8,4,10,7.0,"Average experience, assignments were manageable."
974,8,10,4,2,4,9,8,7,6.5,"Some topics were clear, others a bit confusing."
683,6,9,4,8,5,5,1,10,6.0,"Average experience, assignments were manageable."
374,6,9,4,6,2,6,7,8,6.0,"Average experience, assignments were manageable."
278,10,8,7,8,6,7,8,1,6.875,"Average experience, assignments were manageable."
367,10,4,8,3,3,9,5,7,6.125,"Average experience, assignments were manageable."
800,7,4,5,2,1,6,3,9,4.625,I struggled to understand the concepts.
11,9,5,6,8,5,6,7,7,6.625,"Some topics were clear, others a bit confusing."
310,5,8,5,9,4,4,9,10,6.75,The course was okay but could be improved in some areas.
910,5,8,7,10,8,2,4,8,6.5,"Some topics were clear, others a bit confusing."
440,5,7,8,9,7,1,8,10,6.875,"Average experience, assignments were manageable."
441,7,8,5,3,1,8,6,8,5.75,"Some topics were clear, others a bit confusing."
146,8,7,5,6,9,2,9,10,7.0,"Some topics were clear, others a bit confusing."
614,8,2,6,7,8,6,6,5,6.0,"Some topics were clear, others a bit confusing."
262,10,5,4,9,6,9,9,3,6.875,The course was okay but could be improved in some areas.
34,9,7,8,9,8,2,8,9,7.5,"Some topics were clear, others a bit confusing."
407,9,8,8,6,2,9,6,4,6.5,"Average experience, assignments were manageable."
564,5,10,5,6,8,5,3,1,5.375,"Average experience, assignments were manageable."
538,8,7,4,6,10,5,2,9,6.375,"Average experience, assignments were manageable."
748,5,8,6,1,10,2,4,9,5.625,"Some topics were clear, others a bit confusing."
675,8,7,8,9,8,6,2,8,7.0,The course was okay but could be improved in some areas.
224,10,7,7,6,2,1,7,9,6.125,The course was okay but could be improved in some areas.
10,8,3,7,4,3,6,4,1,4.5,The course was difficult to follow and needs improvement.
708,5,3,5,4,5,9,6,4,5.125,"Average experience, assignments were manageable."
636,7,3,6,9,5,4,6,3,5.375,"Average experience, assignments were manageable."
218,7,8,4,4,1,4,6,4,4.75,Poor explanations and unclear assignments.
193,5,9,4,6,5,7,1,9,5.75,The course was okay but could be improved in some areas.
106,6,6,5,8,3,1,9,7,5.625,"Average experience, assignments were manageable."
834,8,2,7,4,1,8,9,2,5.125,The course was okay but could be improved in some areas.
597,5,4,8,4,8,7,3,4,5.375,The course was okay but could be improved in some areas.
45,8,5,6,1,5,9,2,9,5.625,The course was okay but could be improved in some areas.
264,5,2,4,4,7,6,4,1,4.125,Poor explanations and unclear assignments.
219,10,4,5,7,9,10,8,3,7.0,The course was okay but could be improved in some areas.
249,10,2,5,6,8,1,8,9,6.125,"Some topics were clear, others a bit confusing."
507,9,2,6,2,7,9,7,9,6.375,"Average experience, assignments were manageable."
383,10,10,8,10,4,9,3,10,8.0,The course was excellent and very well structured.
631,10,8,5,3,9,9,8,3,6.875,The course was okay but could be improved in some areas.
502,6,3,5,1,8,4,7,8,5.25,"Some topics were clear, others a bit confusing."
792,10,2,6,7,7,5,6,9,6.5,The course was okay but could be improved in some areas.
271,8,10,6,5,7,10,10,2,7.25,"Average experience, assignments were manageable."
194,6,3,5,4,1,10,8,3,5.0,"Some topics were clear, others a bit confusing."
937,8,8,4,10,1,5,9,3,6.0,"Average experience, assignments were manageable."
726,6,4,4,7,7,3,6,4,5.125,"Some topics were clear, others a bit confusing."
339,6,10,5,9,4,3,6,5,6.0,"Some topics were clear, others a bit confusing."
841,8,9,8,3,4,4,7,1,5.5,"Average experience, assignments were manageable."
874,9,7,6,9,6,1,6,3,5.875,The course was okay but could be improved in some areas.
214,6,6,4,3,1,3,4,6,4.125,Poor explanations and unclear assignments.
924,9,10,5,5,6,4,1,8,6.0,"Average experience, assignments were manageable."
203,8,7,8,9,4,10,8,10,8.0,I really enjoyed the lectures and learned a lot.
629,8,3,7,4,4,8,1,10,5.625,"Average experience, assignments were manageable."
354,6,3,7,10,1,1,10,6,5.5,"Average experience, assignments were manageable."
857,9,8,6,5,7,8,1,9,6.625,"Average experience, assignments were manageable."
424,5,3,7,3,8,6,5,7,5.5,The course was okay but could be improved in some areas.
872,6,10,8,8,2,2,1,4,5.125,"Some topics were clear, others a bit confusing."
116,8,5,6,3,5,3,1,9,5.0,The course was okay but could be improved in some areas.
308,9,10,7,10,3,2,10,9,7.5,"Some topics were clear, others a bit confusing."
698,5,9,6,3,6,9,9,9,7.0,The course was okay but could be improved in some areas.
622,9,10,7,7,6,2,8,4,6.625,"Average experience, assignments were manageable."
103,9,6,4,6,1,3,10,6,5.625,"Average experience, assignments were manageable."
464,5,4,8,6,4,10,1,6,5.5,"Average experience, assignments were manageable."
870,10,4,6,3,8,2,3,7,5.375,The course was okay but could be improved in some areas.
351,8,5,8,10,1,9,7,7,6.875,The course was okay but could be improved in some areas.
628,10,10,4,7,1,7,3,9,6.375,The course was okay but could be improved in some areas.
33,8,5,6,1,8,7,7,2,5.5,"Average experience, assignments were manageable."
972,7,9,4,1,1,2,1,10,4.375,Poor explanations and unclear assignments.
535,5,10,5,9,9,8,1,9,7.0,"Some topics were clear, others a bit confusing."
959,8,4,5,5,10,7,3,2,5.5,"Average experience, assignments were manageable."
794,10,4,4,8,6,8,6,9,6.875,The course was okay but could be improved in some areas.
313,5,7,7,3,7,10,1,1,5.125,The course was okay but could be improved in some areas.
127,5,8,4,9,7,7,7,6,6.625,"Some topics were clear, others a bit confusing."
245,10,6,4,9,9,2,7,7,6.75,"Average experience, assignments were manageable."
773,9,5,8,9,1,10,4,8,6.75,"Average experience, assignments were manageable."
69,8,6,6,1,9,1,9,7,5.875,"Average experience, assignments were manageable."
141,8,6,6,5,4,9,5,2,5.625,"Some topics were clear, others a bit confusing."
139,8,3,4,10,6,1,1,5,4.75,The course was difficult to follow and needs improvement.
398,6,9,6,10,7,4,5,9,7.0,The course was okay but could be improved in some areas.
889,7,6,8,6,6,6,7,10,7.0,The course was okay but could be improved in some areas.
995,6,7,8,3,7,7,8,7,6.625,The course was okay but could be improved in some areas.
757,9,5,7,9,7,8,9,1,6.875,"Some topics were clear, others a bit confusing."
783,5,2,8,2,8,5,7,3,5.0,"Average experience, assignments were manageable."
420,5,8,8,6,2,4,10,3,5.75,"Average experience, assignments were manageable."
790,7,5,6,2,3,1,6,6,4.5,The course was difficult to follow and needs improvement.
592,7,2,7,10,8,9,5,1,6.125,"Some topics were clear, others a bit confusing."
978,6,5,8,9,6,6,2,9,6.375,The course was okay but could be improved in some areas.
735,6,4,6,1,7,6,1,5,4.5,The course was difficult to follow and needs improvement.
731,5,10,6,9,5,10,5,2,6.5,"Average experience, assignments were manageable."
932,6,6,4,5,5,3,6,1,4.5,The course was difficult to follow and needs improvement.
497,6,4,8,4,6,10,1,6,5.625,The course was okay but could be improved in some areas.
813,8,10,5,8,4,7,5,2,6.125,"Some topics were clear, others a bit confusing."
2,10,2,7,3,10,4,4,7,5.875,"Average experience, assignments were manageable."
649,9,2,6,10,4,9,4,2,5.75,The course was okay but could be improved in some areas.
455,8,5,4,2,7,4,1,2,4.125,I struggled to understand the concepts.
593,5,3,5,3,9,10,9,9,6.625,"Average experience, assignments were manageable."
206,10,8,5,4,8,9,10,6,7.5,"Average experience, assignments were manageable."
847,7,10,5,7,1,9,10,4,6.625,"Some topics were clear, others a bit confusing."
233,8,7,7,7,9,2,8,2,6.25,The course was okay but could be improved in some areas.
87,5,10,8,4,8,10,1,9,6.875,"Average experience, assignments were manageable."
333,6,3,7,6,9,9,9,1,6.25,The course was okay but could be improved in some areas.
738,8,2,5,7,2,7,6,5,5.25,The course was okay but could be improved in some areas.
350,5,6,6,1,8,7,10,10,6.625,The course was okay but could be improved in some areas.
805,8,8,7,10,6,2,2,6,6.125,"Average experience, assignments were manageable."
700,9,8,6,1,9,6,9,1,6.125,"Some topics were clear, others a bit confusing."
92,7,6,7,3,2,1,7,6,4.875,Poor explanations and unclear assignments.
68,5,5,8,8,7,6,10,4,6.625,The course was okay but could be improved in some areas.
746,10,5,6,7,1,1,6,1,4.625,The course was difficult to follow and needs improvement.
741,7,9,7,3,10,8,10,5,7.375,The course was okay but could be improved in some areas.
581,9,10,8,2,5,6,7,10,7.125,"Average experience, assignments were manageable."
677,9,6,6,9,1,10,7,1,6.125,"Some topics were clear, others a bit confusing."
442,7,8,5,10,8,3,6,4,6.375,The course was okay but could be improved in some areas.
749,9,9,5,2,9,1,10,1,5.75,"Average experience, assignments were manageable."
25,5,6,4,10,4,1,8,3,5.125,"Some topics were clear, others a bit confusing."
936,6,7,6,4,1,8,4,10,5.75,The course was okay but could be improved in some areas.
90,9,10,6,7,8,1,2,7,6.25,The course was okay but could be improved in some areas.
715,6,9,6,5,9,1,6,6,6.0,"Some topics were clear, others a bit confusing."
240,9,9,7,10,5,7,1,6,6.75,The course was okay but could be improved in some areas.
13,6,6,6,3,10,7,2,1,5.125,The course was okay but could be improved in some areas.
126,7,4,6,4,1,5,2,1,3.75,Poor explanations and unclear assignments.
761,5,9,6,10,10,1,10,6,7.125,"Some topics were clear, others a bit confusing."
302,8,4,6,7,1,4,1,8,4.875,The course was difficult to follow and needs improvement.
650,8,4,7,9,10,2,8,3,6.375,"Some topics were clear, others a bit confusing."
365,10,5,5,3,5,2,3,5,4.75,The course was difficult to follow and needs improvement.
905,5,9,6,8,10,2,1,1,5.25,"Some topics were clear, others a bit confusing."
415,9,3,5,1,8,9,9,2,5.75,The course was okay but could be improved in some areas.
397,10,7,8,6,6,6,2,6,6.375,The course was okay but could be improved in some areas.
435,9,9,7,4,1,1,7,5,5.375,"Average experience, assignments were manageable."
945,9,3,8,2,4,9,1,1,4.625,The course was difficult to follow and needs improvement.
930,8,7,5,1,3,7,2,1,4.25,The course was difficult to follow and needs improvement.
687,5,9,7,9,3,1,9,5,6.0,"Some topics were clear, others a bit confusing."
852,5,10,5,4,3,10,8,6,6.375,"Some topics were clear, others a bit confusing."
712,6,5,5,7,8,2,9,7,6.125,"Some topics were clear, others a bit confusing."
470,6,10,6,6,7,1,1,2,4.875,Poor explanations and unclear assignments.
43,6,5,4,1,10,7,4,1,4.75,The course was difficult to follow and needs improvement.
550,5,3,7,8,2,7,7,8,5.875,The course was okay but could be improved in some areas.
844,8,6,4,1,1,8,10,9,5.875,"Average experience, assignments were manageable."
150,6,5,8,5,2,10,1,6,5.375,"Some topics were clear, others a bit confusing."
168,6,3,8,2,8,10,7,3,5.875,"Average experience, assignments were manageable."
519,8,7,7,6,10,10,4,3,6.875,"Average experience, assignments were manageable."
531,9,8,7,6,3,8,3,7,6.375,The course was okay but could be improved in some areas.
643,9,7,7,7,2,4,3,7,5.75,"Some topics were clear, others a bit confusing."
428,6,9,4,4,8,6,2,5,5.5,"Some topics were clear, others a bit confusing."
659,9,4,8,10,6,6,3,8,6.75,The course was okay but could be improved in some areas.
766,10,2,4,3,4,6,9,4,5.25,"Average experience, assignments were manageable."
732,9,2,6,9,4,2,10,10,6.5,"Average experience, assignments were manageable."
916,10,4,7,3,10,10,7,8,7.375,The course was okay but could be improved in some areas.
979,9,4,7,10,5,2,4,2,5.375,The course was okay but could be improved in some areas.
372,5,7,7,9,3,5,10,4,6.25,"Some topics were clear, others a bit confusing."
778,9,4,8,9,8,5,7,4,6.75,"Some topics were clear, others a bit confusing."
579,10,3,7,8,9,1,8,8,6.75,The course was okay but could be improved in some areas.
320,9,6,7,4,3,9,10,2,6.25,The course was okay but could be improved in some areas.
645,5,9,6,6,8,5,10,8,7.125,The course was okay but could be improved in some areas.
5,6,7,4,2,3,8,10,7,5.875,The course was okay but could be improved in some areas.
294,7,5,4,1,6,2,9,6,5.0,"Some topics were clear, others a bit confusing."
117,8,2,5,10,5,4,3,2,4.875,The course was difficult to follow and needs improvement.
555,9,2,8,7,2,1,3,10,5.25,"Some topics were clear, others a bit confusing."
29,6,9,5,1,6,10,4,5,5.75,"Some topics were clear, others a bit confusing."
259,8,3,8,9,7,4,10,7,7.0,"Some topics were clear, others a bit confusing."
47,8,4,4,9,10,10,2,6,6.625,"Average experience, assignments were manageable."
678,8,10,5,2,7,4,1,7,5.5,"Average experience, assignments were manageable."
543,8,2,4,9,3,3,3,4,4.5,Poor explanations and unclear assignments.
908,5,2,5,3,2,10,4,8,4.875,Poor explanations and unclear assignments.
586,8,2,4,9,8,8,7,7,6.625,"Some topics were clear, others a bit confusing."
98,9,9,7,2,3,3,8,4,5.625,"Average experience, assignments were manageable."
55,8,7,6,2,5,7,7,9,6.375,"Some topics were clear, others a bit confusing."
913,5,5,6,5,6,7,6,1,5.125,The course was okay but could be improved in some areas.
199,9,5,8,3,8,1,1,2,4.625,I struggled to understand the concepts.
539,10,2,7,4,3,4,10,1,5.125,The course was okay but could be improved in some areas.
759,7,2,4,2,1,5,9,9,4.875,I struggled to understand the concepts.
