Student ID,Well versed with the subject,Explains concepts in an understandable way,Use of presentations,Degree of difficulty of assignments,Solves doubts willingly,Structuring of the course,Provides support for students going above and beyond,Course recommendation based on relevance,Overall_Score,Feedback,sentiment_polarity,sentiment_category
340,5,2,7,6,9,2,1,8,5.0,"Average experience, assignments were manageable.",-0.15,Negative
253,6,5,8,6,2,1,2,9,4.875,I struggled to understand the concepts.,0.0,Neutral
680,7,7,6,5,4,2,3,1,4.375,Poor explanations and unclear assignments.,-0.4,Negative
806,9,6,7,1,5,9,4,6,5.875,"Average experience, assignments were manageable.",-0.15,Negative
632,8,10,8,4,6,6,9,9,7.5,"Some topics were clear, others a bit confusing.",-0.1,Negative
832,7,2,7,8,3,5,1,4,4.625,Poor explanations and unclear assignments.,-0.4,Negative
772,9,3,5,2,10,3,8,1,5.125,"Average experience, assignments were manageable.",-0.15,Negative
961,9,8,7,4,4,3,3,10,6.0,"Average experience, assignments were manageable.",-0.15,Negative
814,6,5,8,6,4,4,7,9,6.125,The course was okay but could be improved in some areas.,0.5,Positive
863,5,9,4,7,9,4,4,5,5.875,The course was okay but could be improved in some areas.,0.5,Positive
576,10,3,8,6,6,3,6,9,6.375,The course was okay but could be improved in some areas.,0.5,Positive
702,8,4,7,1,2,1,8,8,4.875,I struggled to understand the concepts.,0.0,Neutral
541,5,4,4,2,2,7,8,1,4.125,Poor explanations and unclear assignments.,-0.4,Negative
552,5,6,7,2,7,4,4,2,4.625,Poor explanations and unclear assignments.,-0.4,Negative
510,6,7,8,3,4,7,7,6,6.0,"Some topics were clear, others a bit confusing.",-0.1,Negative
159,7,7,6,6,3,9,3,1,5.25,"Average experience, assignments were manageable.",-0.15,Negative
223,9,10,4,5,7,10,10,6,7.625,"Some topics were clear, others a bit confusing.",-0.1,Negative
807,8,3,4,2,2,4,6,1,3.75,Poor explanations and unclear assignments.,-0.4,Negative
525,9,9,4,3,5,5,9,2,5.75,"Some topics were clear, others a bit confusing.",-0.1,Negative
799,5,6,5,4,2,1,1,7,3.875,I struggled to understand the concepts.,0.0,Neutral
24,9,10,6,10,2,10,1,9,7.125,"Some topics were clear, others a bit confusing.",-0.1,Negative
509,8,2,7,5,2,3,4,4,4.375,The course was difficult to follow and needs improvement.,-0.5,Negative
797,9,10,4,10,9,2,10,7,7.625,The course was okay but could be improved in some areas.,0.5,Positive
418,8,8,6,7,9,5,2,8,6.625,"Some topics were clear, others a bit confusing.",-0.1,Negative
48,5,5,4,2,1,10,10,9,5.75,The course was okay but could be improved in some areas.,0.5,Positive
657,9,5,7,3,2,8,10,6,6.25,The course was okay but could be improved in some areas.,0.5,Positive
864,9,8,5,2,3,9,2,8,5.75,"Average experience, assignments were manageable.",-0.15,Negative
861,5,6,4,5,4,4,6,6,5.0,The course was okay but could be improved in some areas.,0.5,Positive
118,9,10,7,7,4,6,9,1,6.625,The course was okay but could be improved in some areas.,0.5,Positive
387,7,3,8,1,6,8,6,8,5.875,"Some topics were clear, others a bit confusing.",-0.1,Negative
282,5,6,7,3,8,1,1,9,5.0,"Some topics were clear, others a bit confusing.",-0.1,Negative
503,8,6,6,3,3,6,4,10,5.75,The course was okay but could be improved in some areas.,0.5,Positive
934,5,6,4,6,10,3,4,10,6.0,The course was okay but could be improved in some areas.,0.5,Positive
781,8,3,4,5,1,8,10,5,5.5,"Some topics were clear, others a bit confusing.",-0.1,Negative
898,10,10,4,3,5,4,2,1,4.875,I struggled to understand the concepts.,0.0,Neutral
474,8,3,7,6,4,3,7,7,5.625,"Some topics were clear, others a bit confusing.",-0.1,Negative
704,9,9,8,6,8,4,8,5,7.125,"Average experience, assignments were manageable.",-0.15,Negative
977,9,5,4,4,6,3,1,9,5.125,The course was okay but could be improved in some areas.,0.5,Positive
454,9,6,6,1,10,8,10,7,7.125,"Average experience, assignments were manageable.",-0.15,Negative
295,5,7,6,3,1,7,2,9,5.0,"Some topics were clear, others a bit confusing.",-0.1,Negative
35,10,6,4,5,6,2,3,1,4.625,I struggled to understand the concepts.,0.0,Neutral
304,9,9,4,6,5,1,7,2,5.375,The course was okay but could be improved in some areas.,0.5,Positive
56,6,9,6,8,9,6,2,4,6.25,The course was okay but could be improved in some areas.,0.5,Positive
922,8,10,7,4,5,9,3,5,6.375,"Some topics were clear, others a bit confusing.",-0.1,Negative
569,10,7,6,9,2,6,2,5,5.875,"Some topics were clear, others a bit confusing.",-0.1,Negative
186,6,4,4,4,6,9,10,10,6.625,The course was okay but could be improved in some areas.,0.5,Positive
258,7,2,7,2,7,2,6,10,5.375,"Some topics were clear, others a bit confusing.",-0.1,Negative
560,8,7,8,3,8,7,4,8,6.625,The course was okay but could be improved in some areas.,0.5,Positive
621,10,4,5,1,5,10,1,10,5.75,The course was okay but could be improved in some areas.,0.5,Positive
568,10,7,4,6,10,8,10,8,7.875,"Some topics were clear, others a bit confusing.",-0.1,Negative
393,6,9,8,7,5,8,1,4,6.0,The course was okay but could be improved in some areas.,0.5,Positive
12,8,10,7,2,8,9,6,6,7.0,The course was okay but could be improved in some areas.,0.5,Positive
798,7,2,8,7,10,5,3,5,5.875,"Some topics were clear, others a bit confusing.",-0.1,Negative
740,8,10,7,3,2,10,10,1,6.375,"Some topics were clear, others a bit confusing.",-0.1,Negative
184,10,9,8,6,4,8,8,9,7.75,"Average experience, assignments were manageable.",-0.15,Negative
410,7,2,5,2,6,6,3,10,5.125,"Some topics were clear, others a bit confusing.",-0.1,Negative
480,10,6,7,8,5,3,1,5,5.625,"Average experience, assignments were manageable.",-0.15,Negative
84,7,4,6,10,7,7,8,9,7.25,"Some topics were clear, others a bit confusing.",-0.1,Negative
89,9,9,4,5,1,2,3,9,5.25,"Average experience, assignments were manageable.",-0.15,Negative
763,6,9,6,7,6,10,2,5,6.375,"Some topics were clear, others a bit confusing.",-0.1,Negative
86,7,8,6,8,3,10,2,7,6.375,"Average experience, assignments were manageable.",-0.15,Negative
867,6,4,6,4,2,7,5,3,4.625,The course was difficult to follow and needs improvement.,-0.5,Negative
248,6,6,4,6,6,6,2,3,4.875,Poor explanations and unclear assignments.,-0.4,Negative
751,7,3,8,10,2,7,2,6,5.625,The course was okay but could be improved in some areas.,0.5,Positive
522,6,9,8,10,9,5,3,6,7.0,"Some topics were clear, others a bit confusing.",-0.1,Negative
696,5,5,4,9,3,1,8,6,5.125,"Some topics were clear, others a bit confusing.",-0.1,Negative
274,8,2,4,7,10,8,5,8,6.5,"Average experience, assignments were manageable.",-0.15,Negative
921,9,7,5,10,10,9,6,4,7.5,"Average experience, assignments were manageable.",-0.15,Negative
957,6,2,7,8,5,9,5,4,5.75,"Average experience, assignments were manageable.",-0.15,Negative
88,9,4,4,9,9,9,7,10,7.625,"Average experience, assignments were manageable.",-0.15,Negative
149,5,6,5,1,8,9,7,8,6.125,"Average experience, assignments were manageable.",-0.15,Negative
737,7,9,4,5,5,2,2,1,4.375,The course was difficult to follow and needs improvement.,-0.5,Negative
891,7,2,4,9,6,9,7,9,6.625,"Some topics were clear, others a bit confusing.",-0.1,Negative
1,9,6,8,7,6,5,3,10,6.75,"Some topics were clear, others a bit confusing.",-0.1,Negative
868,7,9,7,2,6,2,9,4,5.75,"Some topics were clear, others a bit confusing.",-0.1,Negative
895,5,5,7,7,2,1,8,9,5.5,"Average experience, assignments were manageable.",-0.15,Negative
638,9,10,8,2,1,1,4,8,5.375,The course was okay but could be improved in some areas.,0.5,Positive
707,5,6,6,5,1,9,6,9,5.875,The course was okay but could be improved in some areas.,0.5,Positive
432,9,9,6,8,2,3,2,4,5.375,"Some topics were clear, others a bit confusing.",-0.1,Negative
988,7,4,6,7,6,9,7,1,5.875,"Average experience, assignments were manageable.",-0.15,Negative
742,7,7,8,2,1,1,8,1,4.375,Poor explanations and unclear assignments.,-0.4,Negative
730,6,5,4,5,6,6,7,2,5.125,The course was okay but could be improved in some areas.,0.5,Positive
321,5,7,6,2,3,5,3,5,4.5,The course was difficult to follow and needs improvement.,-0.5,Negative
904,8,5,8,9,7,9,8,6,7.5,The course was okay but could be improved in some areas.,0.5,Positive
171,6,10,4,6,1,6,2,3,4.75,Poor explanations and unclear assignments.,-0.4,Negative
695,10,4,4,1,5,8,7,1,5.0,The course was okay but could be improved in some areas.,0.5,Positive
498,8,5,4,5,10,7,1,10,6.25,"Average experience, assignments were manageable.",-0.15,Negative
446,7,8,5,10,10,2,5,9,7.0,The course was okay but could be improved in some areas.,0.5,Positive
982,9,10,7,5,6,6,1,5,6.125,"Average experience, assignments were manageable.",-0.15,Negative
981,7,6,7,5,4,6,8,3,5.75,"Some topics were clear, others a bit confusing.",-0.1,Negative
849,6,10,6,7,7,4,10,7,7.125,The course was okay but could be improved in some areas.,0.5,Positive
297,7,10,6,8,10,10,2,8,7.625,"Some topics were clear, others a bit confusing.",-0.1,Negative
713,8,6,7,5,2,7,10,8,6.625,The course was okay but could be improved in some areas.,0.5,Positive
192,8,4,8,6,3,5,1,5,5.0,The course was okay but could be improved in some areas.,0.5,Positive
561,9,6,4,8,6,8,3,3,5.875,"Some topics were clear, others a bit confusing.",-0.1,Negative
364,6,6,7,9,6,4,7,6,6.375,"Some topics were clear, others a bit confusing.",-0.1,Negative
40,6,7,5,6,10,5,6,3,6.0,The course was okay but could be improved in some areas.,0.5,Positive
521,5,9,4,2,1,8,3,7,4.875,The course was difficult to follow and needs improvement.,-0.5,Negative
201,8,2,8,9,8,8,9,4,7.0,"Average experience, assignments were manageable.",-0.15,Negative
780,6,4,4,10,6,5,6,8,6.125,"Some topics were clear, others a bit confusing.",-0.1,Negative
853,7,9,4,8,9,4,10,2,6.625,"Some topics were clear, others a bit confusing.",-0.1,Negative
202,5,6,6,10,3,4,2,8,5.5,The course was okay but could be improved in some areas.,0.5,Positive
421,6,3,8,10,6,8,7,9,7.125,"Average experience, assignments were manageable.",-0.15,Negative
671,9,8,6,10,10,7,7,8,8.125,Great teaching style and very engaging sessions.,0.66,Positive
334,5,9,4,3,8,10,4,2,5.625,"Average experience, assignments were manageable.",-0.15,Negative
843,6,8,5,4,5,5,10,6,6.125,"Some topics were clear, others a bit confusing.",-0.1,Negative
57,10,7,6,10,4,4,2,4,5.875,"Average experience, assignments were manageable.",-0.15,Negative
353,6,7,5,3,6,6,7,5,5.625,The course was okay but could be improved in some areas.,0.5,Positive
681,7,2,7,5,2,1,3,7,4.25,The course was difficult to follow and needs improvement.,-0.5,Negative
394,6,3,6,10,7,4,3,3,5.25,"Some topics were clear, others a bit confusing.",-0.1,Negative
188,7,6,8,9,9,8,9,10,8.25,The course was excellent and very well structured.,0.6,Positive
641,5,10,6,7,4,2,5,4,5.375,"Average experience, assignments were manageable.",-0.15,Negative
544,10,7,8,4,6,5,7,8,6.875,The course was okay but could be improved in some areas.,0.5,Positive
163,9,3,4,7,3,8,6,8,6.0,"Some topics were clear, others a bit confusing.",-0.1,Negative
283,9,2,6,1,2,10,5,5,5.0,"Average experience, assignments were manageable.",-0.15,Negative
820,6,5,4,9,2,5,10,7,6.0,"Some topics were clear, others a bit confusing.",-0.1,Negative
254,6,6,6,8,9,4,4,8,6.375,"Some topics were clear, others a bit confusing.",-0.1,Negative
221,9,6,8,1,8,2,5,6,5.625,"Average experience, assignments were manageable.",-0.15,Negative
736,8,2,8,8,2,6,5,4,5.375,The course was okay but could be improved in some areas.,0.5,Positive
280,9,10,4,7,7,3,5,4,6.125,"Average experience, assignments were manageable.",-0.15,Negative
976,5,2,5,5,7,9,4,3,5.0,The course was okay but could be improved in some areas.,0.5,Positive
481,9,10,8,9,1,3,1,9,6.25,"Some topics were clear, others a bit confusing.",-0.1,Negative
80,7,6,4,1,5,6,1,8,4.75,The course was difficult to follow and needs improvement.,-0.5,Negative
473,10,10,7,5,2,6,10,5,6.875,The course was okay but could be improved in some areas.,0.5,Positive
762,10,7,5,7,8,9,3,4,6.625,"Some topics were clear, others a bit confusing.",-0.1,Negative
385,5,2,6,7,3,2,10,1,4.5,Poor explanations and unclear assignments.,-0.4,Negative
195,9,7,5,5,10,10,5,1,6.5,"Some topics were clear, others a bit confusing.",-0.1,Negative
144,8,6,5,6,3,8,2,6,5.5,The course was okay but could be improved in some areas.,0.5,Positive
767,10,10,8,3,9,6,4,8,7.25,"Average experience, assignments were manageable.",-0.15,Negative
300,6,8,4,5,5,9,5,4,5.75,The course was okay but could be improved in some areas.,0.5,Positive
580,5,2,5,8,6,5,4,9,5.5,"Average experience, assignments were manageable.",-0.15,Negative
216,5,9,8,2,4,8,9,10,6.875,"Average experience, assignments were manageable.",-0.15,Negative
583,9,3,4,6,5,3,8,7,5.625,"Average experience, assignments were manageable.",-0.15,Negative
881,7,9,5,9,4,5,4,8,6.375,"Some topics were clear, others a bit confusing.",-0.1,Negative
488,8,8,6,9,7,4,6,1,6.125,"Some topics were clear, others a bit confusing.",-0.1,Negative
892,5,8,8,9,6,9,10,6,7.625,The course was okay but could be improved in some areas.,0.5,Positive
152,7,2,5,1,5,10,5,6,5.125,"Average experience, assignments were manageable.",-0.15,Negative
925,7,10,6,7,9,10,1,3,6.625,"Some topics were clear, others a bit confusing.",-0.1,Negative
729,9,9,8,7,5,4,5,5,6.5,"Some topics were clear, others a bit confusing.",-0.1,Negative
647,5,5,8,8,9,6,9,8,7.25,The course was okay but could be improved in some areas.,0.5,Positive
686,8,6,5,5,2,6,5,8,5.625,"Some topics were clear, others a bit confusing.",-0.1,Negative
93,9,10,6,4,9,6,7,8,7.375,The course was okay but could be improved in some areas.,0.5,Positive
485,8,4,7,1,4,7,1,4,4.5,I struggled to understand the concepts.,0.0,Neutral
59,5,8,5,6,10,3,4,10,6.375,"Average experience, assignments were manageable.",-0.15,Negative
907,10,4,7,6,1,2,5,1,4.5,The course was difficult to follow and needs improvement.,-0.5,Negative
158,10,6,5,6,2,10,3,8,6.25,The course was okay but could be improved in some areas.,0.5,Positive
955,10,4,4,1,10,1,10,10,6.25,"Average experience, assignments were manageable.",-0.15,Negative
758,8,3,7,7,9,6,7,5,6.5,The course was okay but could be improved in some areas.,0.5,Positive
605,6,4,4,4,7,5,5,2,4.625,Poor explanations and unclear assignments.,-0.4,Negative
475,10,6,4,9,3,1,6,7,5.75,The course was okay but could be improved in some areas.,0.5,Positive
154,9,7,4,8,2,6,3,9,6.0,"Average experience, assignments were manageable.",-0.15,Negative
79,6,4,6,6,6,4,9,10,6.375,"Average experience, assignments were manageable.",-0.15,Negative
36,10,6,5,2,1,9,9,6,6.0,"Average experience, assignments were manageable.",-0.15,Negative
562,6,3,6,7,8,7,4,1,5.25,The course was okay but could be improved in some areas.,0.5,Positive
231,10,7,8,1,3,3,3,3,4.75,Poor explanations and unclear assignments.,-0.4,Negative
869,8,7,6,2,9,4,1,7,5.5,The course was okay but could be improved in some areas.,0.5,Positive
608,7,4,6,5,4,7,8,7,6.0,"Some topics were clear, others a bit confusing.",-0.1,Negative
846,10,7,7,4,7,10,7,1,6.625,The course was okay but could be improved in some areas.,0.5,Positive
542,10,4,7,7,2,2,5,9,5.75,"Some topics were clear, others a bit confusing.",-0.1,Negative
941,9,3,7,2,9,7,3,1,5.125,The course was okay but could be improved in some areas.,0.5,Positive
919,10,2,8,5,6,3,8,5,5.875,"Some topics were clear, others a bit confusing.",-0.1,Negative
352,6,2,6,3,5,3,8,6,4.875,I struggled to understand the concepts.,0.0,Neutral
839,9,2,5,10,4,4,9,1,5.5,"Some topics were clear, others a bit confusing.",-0.1,Negative
266,8,8,5,6,6,8,2,2,5.625,"Some topics were clear, others a bit confusing.",-0.1,Negative
298,8,4,8,9,7,1,7,3,5.875,The course was okay but could be improved in some areas.,0.5,Positive
929,10,2,6,1,1,9,9,7,5.625,The course was okay but could be improved in some areas.,0.5,Positive
574,6,4,8,5,9,5,7,10,6.75,"Average experience, assignments were manageable.",-0.15,Negative
250,5,7,7,3,1,6,3,1,4.125,I struggled to understand the concepts.,0.0,Neutral
616,9,8,6,9,6,3,5,8,6.75,The course was okay but could be improved in some areas.,0.5,Positive
164,8,5,7,10,8,9,10,1,7.25,The course was okay but could be improved in some areas.,0.5,Positive
827,6,3,4,9,7,8,7,6,6.25,"Average experience, assignments were manageable.",-0.15,Negative
228,7,6,6,1,6,6,6,9,5.875,The course was okay but could be improved in some areas.,0.5,Positive
787,10,10,5,10,1,9,3,8,7.0,"Average experience, assignments were manageable.",-0.15,Negative
317,8,8,4,1,10,10,9,1,6.375,The course was okay but could be improved in some areas.,0.5,Positive
110,9,6,4,1,4,7,9,5,5.625,The course was okay but could be improved in some areas.,0.5,Positive
165,6,2,6,2,2,10,2,2,4.0,The course was difficult to follow and needs improvement.,-0.5,Negative
701,5,9,7,1,9,9,1,9,6.25,"Average experience, assignments were manageable.",-0.15,Negative
362,7,9,6,7,4,8,1,2,5.5,"Some topics were clear, others a bit confusing.",-0.1,Negative
890,8,7,5,3,9,1,4,5,5.25,"Average experience, assignments were manageable.",-0.15,Negative
728,10,9,4,8,5,2,3,10,6.375,"Average experience, assignments were manageable.",-0.15,Negative
466,9,8,5,5,6,2,10,4,6.125,"Some topics were clear, others a bit confusing.",-0.1,Negative
709,9,3,6,4,4,8,10,1,5.625,"Average experience, assignments were manageable.",-0.15,Negative
482,10,3,4,3,10,1,8,5,5.5,The course was okay but could be improved in some areas.,0.5,Positive
406,9,10,6,1,6,1,9,2,5.5,The course was okay but could be improved in some areas.,0.5,Positive
66,8,5,8,7,6,1,9,9,6.625,"Average experience, assignments were manageable.",-0.15,Negative
862,6,5,6,5,7,2,10,8,6.125,"Average experience, assignments were manageable.",-0.15,Negative
61,9,8,6,5,3,10,6,6,6.625,"Some topics were clear, others a bit confusing.",-0.1,Negative
111,7,9,7,1,10,10,3,10,7.125,The course was okay but could be improved in some areas.,0.5,Positive
147,6,8,4,6,9,6,8,7,6.75,The course was okay but could be improved in some areas.,0.5,Positive
211,7,4,4,3,7,8,7,10,6.25,"Average experience, assignments were manageable.",-0.15,Negative
996,6,5,6,10,8,7,8,4,6.75,"Some topics were clear, others a bit confusing.",-0.1,Negative
459,8,5,8,6,6,1,8,4,5.75,"Some topics were clear, others a bit confusing.",-0.1,Negative
81,5,5,6,5,7,3,9,5,5.625,The course was okay but could be improved in some areas.,0.5,Positive
288,5,9,6,9,4,4,2,6,5.625,The course was okay but could be improved in some areas.,0.5,Positive
6,7,10,8,3,3,4,1,2,4.75,Poor explanations and unclear assignments.,-0.4,Negative
547,6,6,8,5,1,2,2,8,4.75,Poor explanations and unclear assignments.,-0.4,Negative
30,6,2,7,5,1,10,9,10,6.25,"Average experience, assignments were manageable.",-0.15,Negative
445,9,4,4,2,4,8,1,6,4.75,I struggled to understand the concepts.,0.0,Neutral
591,6,9,8,5,10,6,2,10,7.0,"Average experience, assignments were manageable.",-0.15,Negative
770,10,10,5,7,10,7,7,10,8.25,The course was excellent and very well structured.,0.6,Positive
484,9,6,8,10,3,2,8,4,6.25,"Average experience, assignments were manageable.",-0.15,Negative
180,8,4,4,1,6,9,6,1,4.875,I struggled to understand the concepts.,0.0,Neutral
946,5,5,5,6,1,3,10,5,5.0,"Some topics were clear, others a bit confusing.",-0.1,Negative
901,9,8,6,1,2,9,8,2,5.625,"Average experience, assignments were manageable.",-0.15,Negative
517,10,5,7,7,5,10,6,5,6.875,"Some topics were clear, others a bit confusing.",-0.1,Negative
545,9,4,8,1,8,6,2,4,5.25,"Average experience, assignments were manageable.",-0.15,Negative
918,8,3,8,9,9,1,6,1,5.625,The course was okay but could be improved in some areas.,0.5,Positive
652,8,3,4,8,3,2,2,3,4.125,Poor explanations and unclear assignments.,-0.4,Negative
471,10,10,4,8,2,2,4,7,5.875,"Average experience, assignments were manageable.",-0.15,Negative
323,6,8,7,5,4,1,9,3,5.375,"Average experience, assignments were manageable.",-0.15,Negative
276,8,5,7,9,1,10,1,2,5.375,"Some topics were clear, others a bit confusing.",-0.1,Negative
672,7,8,5,6,5,10,5,10,7.0,"Average experience, assignments were manageable.",-0.15,Negative
337,10,7,6,8,9,5,1,1,5.875,"Some topics were clear, others a bit confusing.",-0.1,Negative
468,7,7,8,4,2,1,5,10,5.5,"Some topics were clear, others a bit confusing.",-0.1,Negative
380,8,8,4,8,2,4,9,2,5.625,"Some topics were clear, others a bit confusing.",-0.1,Negative
755,9,8,7,2,9,6,3,7,6.375,The course was okay but could be improved in some areas.,0.5,Positive
267,8,9,4,4,8,4,8,1,5.75,"Average experience, assignments were manageable.",-0.15,Negative
598,9,3,4,9,3,4,5,1,4.75,I struggled to understand the concepts.,0.0,Neutral
128,6,2,6,1,9,3,9,2,4.75,I struggled to understand the concepts.,0.0,Neutral
444,8,2,6,10,7,2,4,8,5.875,The course was okay but could be improved in some areas.,0.5,Positive
572,6,5,4,4,8,6,8,9,6.25,The course was okay but could be improved in some areas.,0.5,Positive
319,8,3,6,6,7,10,8,4,6.5,The course was okay but could be improved in some areas.,0.5,Positive
390,8,6,7,5,1,4,3,9,5.375,"Average experience, assignments were manageable.",-0.15,Negative
176,10,2,6,7,4,10,1,3,5.375,"Average experience, assignments were manageable.",-0.15,Negative
883,7,4,4,2,8,6,7,4,5.25,"Average experience, assignments were manageable.",-0.15,Negative
831,5,2,8,3,5,10,7,7,5.875,"Some topics were clear, others a bit confusing.",-0.1,Negative
220,10,5,8,7,9,7,2,7,6.875,"Average experience, assignments were manageable.",-0.15,Negative
17,7,6,5,3,9,5,5,2,5.25,"Average experience, assignments were manageable.",-0.15,Negative
938,10,10,6,5,2,9,9,9,7.5,"Some topics were clear, others a bit confusing.",-0.1,Negative
651,8,7,6,3,9,10,6,1,6.25,The course was okay but could be improved in some areas.,0.5,Positive
953,5,10,8,10,6,4,6,4,6.625,The course was okay but could be improved in some areas.,0.5,Positive
902,5,8,6,10,4,5,5,9,6.5,The course was okay but could be improved in some areas.,0.5,Positive
167,7,7,5,8,6,9,9,8,7.375,"Average experience, assignments were manageable.",-0.15,Negative
669,9,3,4,5,2,2,1,6,4.0,I struggled to understand the concepts.,0.0,Neutral
859,8,3,5,9,10,3,1,6,5.625,"Some topics were clear, others a bit confusing.",-0.1,Negative
120,8,4,7,5,4,4,10,6,6.0,The course was okay but could be improved in some areas.,0.5,Positive
293,10,4,7,1,6,7,7,4,5.75,The course was okay but could be improved in some areas.,0.5,Positive
789,10,2,8,7,9,8,1,4,6.125,The course was okay but could be improved in some areas.,0.5,Positive
182,5,2,7,2,3,6,1,9,4.375,I struggled to understand the concepts.,0.0,Neutral
369,10,5,4,4,3,7,4,10,5.875,"Some topics were clear, others a bit confusing.",-0.1,Negative
207,6,8,6,7,9,7,2,5,6.25,"Some topics were clear, others a bit confusing.",-0.1,Negative
842,10,7,5,3,3,6,4,6,5.5,The course was okay but could be improved in some areas.,0.5,Positive
38,5,8,7,6,10,8,9,5,7.25,The course was okay but could be improved in some areas.,0.5,Positive
495,5,4,7,9,6,10,5,9,6.875,"Average experience, assignments were manageable.",-0.15,Negative
942,10,6,8,3,7,8,4,5,6.375,"Average experience, assignments were manageable.",-0.15,Negative
752,10,7,4,4,4,9,10,7,6.875,"Average experience, assignments were manageable.",-0.15,Negative
940,7,3,6,9,10,8,3,5,6.375,"Average experience, assignments were manageable.",-0.15,Negative
648,5,7,7,9,6,3,10,3,6.25,The course was okay but could be improved in some areas.,0.5,Positive
125,6,2,4,5,9,7,7,7,5.875,"Some topics were clear, others a bit confusing.",-0.1,Negative
516,10,2,8,9,2,3,3,1,4.75,Poor explanations and unclear assignments.,-0.4,Negative
963,9,6,4,5,3,3,6,6,5.25,The course was okay but could be improved in some areas.,0.5,Positive
215,5,6,6,2,1,9,5,8,5.25,The course was okay but could be improved in some areas.,0.5,Positive
823,7,5,8,3,4,3,1,10,5.125,The course was okay but could be improved in some areas.,0.5,Positive
840,5,7,5,6,9,9,10,6,7.125,The course was okay but could be improved in some areas.,0.5,Positive
429,8,3,5,1,8,1,8,9,5.375,The course was okay but could be improved in some areas.,0.5,Positive
109,6,3,5,6,1,6,6,10,5.375,The course was okay but could be improved in some areas.,0.5,Positive
795,6,9,8,4,2,6,10,6,6.375,"Average experience, assignments were manageable.",-0.15,Negative
760,9,4,4,3,8,5,10,1,5.5,"Some topics were clear, others a bit confusing.",-0.1,Negative
536,10,10,4,7,8,7,6,2,6.75,"Average experience, assignments were manageable.",-0.15,Negative
888,6,6,5,2,3,6,6,3,4.625,The course was difficult to follow and needs improvement.,-0.5,Negative
719,10,10,8,7,6,10,6,4,7.625,The course was okay but could be improved in some areas.,0.5,Positive
654,6,4,4,9,5,8,8,2,5.75,"Some topics were clear, others a bit confusing.",-0.1,Negative
947,7,3,8,1,5,9,7,2,5.25,"Some topics were clear, others a bit confusing.",-0.1,Negative
403,5,7,6,6,5,6,4,6,5.625,"Some topics were clear, others a bit confusing.",-0.1,Negative
124,9,9,7,9,1,9,4,3,6.375,"Some topics were clear, others a bit confusing.",-0.1,Negative
548,9,8,6,7,1,2,7,6,5.75,"Average experience, assignments were manageable.",-0.15,Negative
880,7,3,6,3,5,3,3,10,5.0,"Some topics were clear, others a bit confusing.",-0.1,Negative
939,10,10,7,4,1,2,3,9,5.75,"Some topics were clear, others a bit confusing.",-0.1,Negative
166,6,10,4,4,4,8,4,6,5.75,The course was okay but could be improved in some areas.,0.5,Positive
885,5,6,7,7,2,2,5,7,5.125,"Average experience, assignments were manageable.",-0.15,Negative
112,7,9,6,9,1,7,1,2,5.25,"Average experience, assignments were manageable.",-0.15,Negative
811,8,8,8,6,1,4,9,1,5.625,"Some topics were clear, others a bit confusing.",-0.1,Negative
213,10,8,4,10,1,5,6,2,5.75,The course was okay but could be improved in some areas.,0.5,Positive
375,10,4,4,1,3,4,7,9,5.25,"Some topics were clear, others a bit confusing.",-0.1,Negative
897,6,7,4,1,9,8,8,7,6.25,"Average experience, assignments were manageable.",-0.15,Negative
460,7,8,5,6,7,7,6,7,6.625,"Some topics were clear, others a bit confusing.",-0.1,Negative
416,6,2,5,8,9,6,3,7,5.75,"Some topics were clear, others a bit confusing.",-0.1,Negative
571,8,9,7,3,1,8,9,7,6.5,The course was okay but could be improved in some areas.,0.5,Positive
744,8,5,7,3,10,4,6,7,6.25,"Some topics were clear, others a bit confusing.",-0.1,Negative
378,9,8,7,2,4,7,2,6,5.625,"Some topics were clear, others a bit confusing.",-0.1,Negative
121,5,9,5,2,4,5,6,6,5.25,"Some topics were clear, others a bit confusing.",-0.1,Negative
462,10,4,8,5,4,6,4,7,6.0,"Average experience, assignments were manageable.",-0.15,Negative
777,8,6,4,6,4,7,10,1,5.75,The course was okay but could be improved in some areas.,0.5,Positive
845,5,10,6,8,4,4,4,5,5.75,"Average experience, assignments were manageable.",-0.15,Negative
533,6,10,5,7,2,5,10,10,6.875,The course was okay but could be improved in some areas.,0.5,Positive
450,5,2,6,2,4,5,1,4,3.625,I struggled to understand the concepts.,0.0,Neutral
717,6,2,4,6,6,2,6,9,5.125,The course was okay but could be improved in some areas.,0.5,Positive
469,10,8,6,1,3,5,8,10,6.375,The course was okay but could be improved in some areas.,0.5,Positive
670,7,7,8,1,6,1,2,1,4.125,The course was difficult to follow and needs improvement.,-0.5,Negative
137,8,2,5,2,4,9,7,8,5.625,The course was okay but could be improved in some areas.,0.5,Positive
801,10,7,4,3,6,1,10,4,5.625,"Average experience, assignments were manageable.",-0.15,Negative
315,5,10,5,10,8,4,8,4,6.75,The course was okay but could be improved in some areas.,0.5,Positive
153,7,7,5,3,8,9,8,9,7.0,The course was okay but could be improved in some areas.,0.5,Positive
190,8,6,7,5,6,4,3,8,5.875,The course was okay but could be improved in some areas.,0.5,Positive
22,7,9,4,1,2,8,10,4,5.625,The course was okay but could be improved in some areas.,0.5,Positive
949,9,8,7,1,7,6,9,4,6.375,The course was okay but could be improved in some areas.,0.5,Positive
523,10,2,6,9,7,5,10,9,7.25,"Average experience, assignments were manageable.",-0.15,Negative
527,5,6,5,2,8,6,9,8,6.125,"Some topics were clear, others a bit confusing.",-0.1,Negative
461,7,10,7,6,6,8,4,9,7.125,"Some topics were clear, others a bit confusing.",-0.1,Negative
244,5,8,4,9,3,10,1,3,5.375,"Average experience, assignments were manageable.",-0.15,Negative
363,9,3,8,10,2,7,5,1,5.625,"Some topics were clear, others a bit confusing.",-0.1,Negative
610,8,10,6,8,2,1,5,1,5.125,"Some topics were clear, others a bit confusing.",-0.1,Negative
381,9,2,8,8,1,9,1,2,5.0,"Some topics were clear, others a bit confusing.",-0.1,Negative
954,8,8,6,3,9,5,7,2,6.0,"Average experience, assignments were manageable.",-0.15,Negative
604,10,9,8,9,4,8,7,9,8.0,The course was excellent and very well structured.,0.6,Positive
414,10,6,4,8,2,9,9,3,6.375,"Some topics were clear, others a bit confusing.",-0.1,Negative
151,8,7,5,10,8,3,8,6,6.875,"Average experience, assignments were manageable.",-0.15,Negative
721,6,9,4,1,4,10,10,9,6.625,"Some topics were clear, others a bit confusing.",-0.1,Negative
664,10,8,7,4,8,2,1,10,6.25,"Average experience, assignments were manageable.",-0.15,Negative
956,7,2,6,5,2,3,8,7,5.0,The course was okay but could be improved in some areas.,0.5,Positive
747,5,3,5,6,5,10,3,6,5.375,"Some topics were clear, others a bit confusing.",-0.1,Negative
438,9,6,5,9,2,3,9,3,5.75,"Some topics were clear, others a bit confusing.",-0.1,Negative
975,5,10,4,8,7,6,8,3,6.375,The course was okay but could be improved in some areas.,0.5,Positive
277,5,6,8,7,2,7,1,10,5.75,"Some topics were clear, others a bit confusing.",-0.1,Negative
312,7,2,7,6,6,3,7,2,5.0,The course was okay but could be improved in some areas.,0.5,Positive
565,10,9,7,10,4,8,5,4,7.125,"Average experience, assignments were manageable.",-0.15,Negative
739,8,7,5,10,1,1,8,1,5.125,"Average experience, assignments were manageable.",-0.15,Negative
584,8,8,5,8,6,6,9,4,6.75,"Some topics were clear, others a bit confusing.",-0.1,Negative
894,6,3,5,4,7,1,5,5,4.5,Poor explanations and unclear assignments.,-0.4,Negative
270,9,10,5,9,6,4,7,7,7.125,"Average experience, assignments were manageable.",-0.15,Negative
966,7,4,5,3,1,8,10,2,5.0,"Average experience, assignments were manageable.",-0.15,Negative
489,7,2,5,8,1,1,8,8,5.0,"Some topics were clear, others a bit confusing.",-0.1,Negative
665,6,3,4,2,8,5,8,5,5.125,"Some topics were clear, others a bit confusing.",-0.1,Negative
71,9,10,8,4,9,3,8,2,6.625,The course was okay but could be improved in some areas.,0.5,Positive
603,7,2,7,1,7,7,1,7,4.875,Poor explanations and unclear assignments.,-0.4,Negative
196,8,10,8,10,6,7,7,7,7.875,The course was okay but could be improved in some areas.,0.5,Positive
804,9,3,7,6,10,7,9,7,7.25,The course was okay but could be improved in some areas.,0.5,Positive
837,5,10,4,1,4,8,9,1,5.25,"Some topics were clear, others a bit confusing.",-0.1,Negative
530,6,5,4,9,1,2,3,6,4.5,I struggled to understand the concepts.,0.0,Neutral
720,6,6,6,9,10,4,6,7,6.75,"Average experience, assignments were manageable.",-0.15,Negative
272,5,4,6,4,4,7,7,9,5.75,"Average experience, assignments were manageable.",-0.15,Negative
984,5,10,6,4,2,10,4,6,5.875,"Average experience, assignments were manageable.",-0.15,Negative
185,10,3,8,4,1,10,7,9,6.5,The course was okay but could be improved in some areas.,0.5,Positive
487,6,6,4,2,10,10,1,9,6.0,"Some topics were clear, others a bit confusing.",-0.1,Negative
75,8,9,8,6,2,7,9,10,7.375,"Some topics were clear, others a bit confusing.",-0.1,Negative
718,6,3,6,7,6,6,2,6,5.25,The course was okay but could be improved in some areas.,0.5,Positive
496,10,7,4,6,10,5,3,6,6.375,"Average experience, assignments were manageable.",-0.15,Negative
630,5,5,4,8,3,6,6,8,5.625,"Some topics were clear, others a bit confusing.",-0.1,Negative
637,8,10,5,6,10,8,2,2,6.375,"Some topics were clear, others a bit confusing.",-0.1,Negative
360,9,9,8,2,3,1,8,6,5.75,"Some topics were clear, others a bit confusing.",-0.1,Negative
183,6,7,5,5,4,7,1,9,5.5,"Average experience, assignments were manageable.",-0.15,Negative
689,10,8,7,8,1,9,5,10,7.25,"Average experience, assignments were manageable.",-0.15,Negative
236,6,9,6,4,1,2,8,4,5.0,"Some topics were clear, others a bit confusing.",-0.1,Negative
768,6,6,6,3,5,9,8,3,5.75,The course was okay but could be improved in some areas.,0.5,Positive
316,7,2,7,8,6,4,2,9,5.625,"Some topics were clear, others a bit confusing.",-0.1,Negative
396,6,10,4,6,1,2,4,10,5.375,The course was okay but could be improved in some areas.,0.5,Positive
212,6,4,4,6,5,10,10,2,5.875,"Average experience, assignments were manageable.",-0.15,Negative
830,9,7,7,10,7,8,6,4,7.25,"Some topics were clear, others a bit confusing.",-0.1,Negative
209,9,8,5,3,3,10,7,2,5.875,"Average experience, assignments were manageable.",-0.15,Negative
62,7,4,4,5,3,10,2,1,4.5,I struggled to understand the concepts.,0.0,Neutral
447,8,7,7,1,4,7,10,9,6.625,"Some topics were clear, others a bit confusing.",-0.1,Negative
100,6,6,6,10,7,5,7,8,6.875,The course was okay but could be improved in some areas.,0.5,Positive
305,10,8,8,4,6,3,10,4,6.625,"Average experience, assignments were manageable.",-0.15,Negative
494,10,6,6,6,4,10,2,9,6.625,The course was okay but could be improved in some areas.,0.5,Positive
328,10,6,5,4,6,10,8,2,6.375,The course was okay but could be improved in some areas.,0.5,Positive
854,8,2,8,4,6,2,4,7,5.125,"Some topics were clear, others a bit confusing.",-0.1,Negative
866,5,10,4,8,3,7,4,5,5.75,"Average experience, assignments were manageable.",-0.15,Negative
943,8,9,7,10,6,7,7,6,7.5,"Some topics were clear, others a bit confusing.",-0.1,Negative
734,9,8,5,3,10,1,8,3,5.875,The course was okay but could be improved in some areas.,0.5,Positive
189,9,3,6,2,3,8,10,7,6.0,"Some topics were clear, others a bit confusing.",-0.1,Negative
404,10,5,7,8,1,5,10,4,6.25,"Average experience, assignments were manageable.",-0.15,Negative
518,7,4,8,5,7,9,2,6,6.0,The course was okay but could be improved in some areas.,0.5,Positive
856,6,9,4,6,8,8,3,8,6.5,"Average experience, assignments were manageable.",-0.15,Negative
70,9,2,5,8,10,9,7,6,7.0,"Some topics were clear, others a bit confusing.",-0.1,Negative
457,7,4,8,2,3,6,8,4,5.25,The course was okay but could be improved in some areas.,0.5,Positive
148,5,4,4,4,8,10,5,5,5.625,"Some topics were clear, others a bit confusing.",-0.1,Negative
958,10,10,5,8,5,10,7,8,7.875,The course was okay but could be improved in some areas.,0.5,Positive
356,7,3,7,6,4,2,1,10,5.0,The course was okay but could be improved in some areas.,0.5,Positive
793,10,9,6,4,7,6,8,3,6.625,"Average experience, assignments were manageable.",-0.15,Negative
771,8,7,6,4,8,7,3,2,5.625,"Average experience, assignments were manageable.",-0.15,Negative
452,5,6,7,9,7,8,6,1,6.125,"Average experience, assignments were manageable.",-0.15,Negative
72,8,7,7,3,4,1,4,7,5.125,"Average experience, assignments were manageable.",-0.15,Negative
710,7,2,6,5,7,7,6,10,6.25,The course was okay but could be improved in some areas.,0.5,Positive
980,6,3,7,1,5,4,9,4,4.875,The course was difficult to follow and needs improvement.,-0.5,Negative
145,6,8,4,6,1,3,2,7,4.625,The course was difficult to follow and needs improvement.,-0.5,Negative
960,6,9,6,1,3,3,5,8,5.125,"Some topics were clear, others a bit confusing.",-0.1,Negative
660,5,7,7,3,10,3,3,4,5.25,"Average experience, assignments were manageable.",-0.15,Negative
987,9,10,7,8,7,3,8,7,7.375,"Average experience, assignments were manageable.",-0.15,Negative
534,9,5,7,5,2,6,10,8,6.5,The course was okay but could be improved in some areas.,0.5,Positive
858,9,5,5,3,2,2,7,7,5.0,"Average experience, assignments were manageable.",-0.15,Negative
324,10,5,5,2,2,5,7,6,5.25,"Some topics were clear, others a bit confusing.",-0.1,Negative
884,7,4,7,10,5,1,7,4,5.625,The course was okay but could be improved in some areas.,0.5,Positive
611,8,9,5,3,9,5,8,3,6.25,The course was okay but could be improved in some areas.,0.5,Positive
136,8,6,7,10,9,9,2,3,6.75,"Average experience, assignments were manageable.",-0.15,Negative
705,9,3,6,3,3,5,1,2,4.0,I struggled to understand the concepts.,0.0,Neutral
991,7,4,5,8,9,8,5,1,5.875,The course was okay but could be improved in some areas.,0.5,Positive
676,9,8,5,7,4,10,2,6,6.375,The course was okay but could be improved in some areas.,0.5,Positive
769,9,8,8,8,1,1,8,5,6.0,The course was okay but could be improved in some areas.,0.5,Positive
246,7,10,8,8,4,10,3,8,7.25,"Average experience, assignments were manageable.",-0.15,Negative
644,9,6,8,2,7,6,4,6,6.0,"Average experience, assignments were manageable.",-0.15,Negative
263,7,9,4,7,9,8,10,7,7.625,"Some topics were clear, others a bit confusing.",-0.1,Negative
476,9,4,6,4,8,6,4,10,6.375,"Some topics were clear, others a bit confusing.",-0.1,Negative
697,7,7,6,1,8,10,5,2,5.75,The course was okay but could be improved in some areas.,0.5,Positive
95,7,2,5,5,9,6,8,3,5.625,The course was okay but could be improved in some areas.,0.5,Positive
688,8,6,7,5,6,1,4,10,5.875,"Average experience, assignments were manageable.",-0.15,Negative
633,8,2,4,7,4,6,7,4,5.25,"Average experience, assignments were manageable.",-0.15,Negative
241,8,3,8,8,10,1,8,6,6.5,"Some topics were clear, others a bit confusing.",-0.1,Negative
524,9,8,4,6,10,1,9,10,7.125,The course was okay but could be improved in some areas.,0.5,Positive
504,9,4,5,6,6,1,7,10,6.0,"Some topics were clear, others a bit confusing.",-0.1,Negative
417,9,6,7,9,5,1,7,2,5.75,"Average experience, assignments were manageable.",-0.15,Negative
554,6,6,8,2,4,6,4,10,5.75,"Some topics were clear, others a bit confusing.",-0.1,Negative
656,6,2,7,2,5,6,9,9,5.75,The course was okay but could be improved in some areas.,0.5,Positive
19,10,4,6,3,9,10,9,3,6.75,"Some topics were clear, others a bit confusing.",-0.1,Negative
275,8,5,4,9,5,5,8,10,6.75,"Some topics were clear, others a bit confusing.",-0.1,Negative
478,5,10,7,6,8,7,3,9,6.875,"Average experience, assignments were manageable.",-0.15,Negative
132,6,9,5,8,10,3,2,10,6.625,"Average experience, assignments were manageable.",-0.15,Negative
515,8,3,5,10,3,4,9,4,5.75,The course was okay but could be improved in some areas.,0.5,Positive
44,8,9,5,3,6,9,4,9,6.625,"Some topics were clear, others a bit confusing.",-0.1,Negative
388,6,10,4,5,6,4,4,9,6.0,"Average experience, assignments were manageable.",-0.15,Negative
204,8,7,6,3,3,10,3,6,5.75,"Some topics were clear, others a bit confusing.",-0.1,Negative
338,5,2,4,6,9,10,9,4,6.125,"Some topics were clear, others a bit confusing.",-0.1,Negative
619,8,7,6,4,3,9,3,8,6.0,"Average experience, assignments were manageable.",-0.15,Negative
205,8,4,4,2,1,7,9,7,5.25,The course was okay but could be improved in some areas.,0.5,Positive
39,7,3,7,10,6,4,8,2,5.875,The course was okay but could be improved in some areas.,0.5,Positive
53,5,8,5,1,10,8,5,7,6.125,"Some topics were clear, others a bit confusing.",-0.1,Negative
58,9,3,7,1,2,3,10,7,5.25,"Some topics were clear, others a bit confusing.",-0.1,Negative
157,9,6,8,2,8,4,4,3,5.5,The course was okay but could be improved in some areas.,0.5,Positive
28,8,6,6,9,9,9,4,7,7.25,The course was okay but could be improved in some areas.,0.5,Positive
833,8,6,7,7,7,9,10,9,7.875,The course was okay but could be improved in some areas.,0.5,Positive
252,8,9,4,6,10,2,7,5,6.375,"Average experience, assignments were manageable.",-0.15,Negative
658,8,5,6,7,10,4,6,4,6.25,"Some topics were clear, others a bit confusing.",-0.1,Negative
179,6,3,7,6,2,6,5,2,4.625,The course was difficult to follow and needs improvement.,-0.5,Negative
851,9,6,4,10,2,1,3,10,5.625,"Average experience, assignments were manageable.",-0.15,Negative
809,7,8,7,5,10,2,8,8,6.875,The course was okay but could be improved in some areas.,0.5,Positive
330,7,7,5,7,9,10,2,2,6.125,The course was okay but could be improved in some areas.,0.5,Positive
94,10,10,4,7,8,2,4,4,6.125,"Some topics were clear, others a bit confusing.",-0.1,Negative
826,10,5,7,2,8,7,10,5,6.75,"Average experience, assignments were manageable.",-0.15,Negative
227,9,3,6,4,7,4,4,7,5.5,"Average experience, assignments were manageable.",-0.15,Negative
1000,9,8,5,4,10,7,7,10,7.5,"Average experience, assignments were manageable.",-0.15,Negative
114,10,9,7,1,8,4,4,2,5.625,"Average experience, assignments were manageable.",-0.15,Negative
251,5,9,6,9,6,4,5,2,5.75,The course was okay but could be improved in some areas.,0.5,Positive
613,5,6,6,3,9,4,2,9,5.5,"Average experience, assignments were manageable.",-0.15,Negative
101,10,5,6,6,9,8,10,3,7.125,"Average experience, assignments were manageable.",-0.15,Negative
871,7,8,7,10,10,7,2,2,6.625,"Average experience, assignments were manageable.",-0.15,Negative
551,6,3,5,7,3,1,9,10,5.5,The course was okay but could be improved in some areas.,0.5,Positive
931,6,5,7,3,6,5,6,10,6.0,The course was okay but could be improved in some areas.,0.5,Positive
49,8,7,8,8,1,1,8,3,5.5,"Some topics were clear, others a bit confusing.",-0.1,Negative
512,5,10,7,9,9,9,6,9,8.0,The course was excellent and very well structured.,0.6,Positive
261,9,9,7,7,4,10,5,9,7.5,"Some topics were clear, others a bit confusing.",-0.1,Negative
754,6,9,4,4,3,10,2,10,6.0,The course was okay but could be improved in some areas.,0.5,Positive
345,8,2,8,9,10,10,9,5,7.625,"Some topics were clear, others a bit confusing.",-0.1,Negative
970,10,9,5,7,6,7,4,7,6.875,"Some topics were clear, others a bit confusing.",-0.1,Negative
990,6,9,6,4,9,5,10,8,7.125,The course was okay but could be improved in some areas.,0.5,Positive
911,6,4,4,10,9,4,7,2,5.75,"Some topics were clear, others a bit confusing.",-0.1,Negative
909,9,8,5,9,5,6,9,7,7.25,"Some topics were clear, others a bit confusing.",-0.1,Negative
817,6,5,7,10,10,4,6,6,6.75,The course was okay but could be improved in some areas.,0.5,Positive
733,10,10,5,1,4,1,3,4,4.75,Poor explanations and unclear assignments.,-0.4,Negative
626,7,9,5,4,9,4,3,1,5.25,"Some topics were clear, others a bit confusing.",-0.1,Negative
292,7,9,8,1,5,4,7,4,5.625,"Some topics were clear, others a bit confusing.",-0.1,Negative
82,5,10,8,4,4,10,5,5,6.375,"Some topics were clear, others a bit confusing.",-0.1,Negative
355,10,8,5,6,5,10,1,8,6.625,The course was okay but could be improved in some areas.,0.5,Positive
948,9,5,4,7,9,3,5,7,6.125,"Some topics were clear, others a bit confusing.",-0.1,Negative
341,9,4,4,4,7,5,5,8,5.75,"Some topics were clear, others a bit confusing.",-0.1,Negative
952,7,9,5,7,8,8,10,5,7.375,"Average experience, assignments were manageable.",-0.15,Negative
711,7,3,4,6,3,7,6,4,5.0,The course was okay but could be improved in some areas.,0.5,Positive
635,7,3,8,6,7,4,10,5,6.25,"Average experience, assignments were manageable.",-0.15,Negative
850,5,8,7,4,8,7,8,6,6.625,The course was okay but could be improved in some areas.,0.5,Positive
716,6,3,7,9,2,3,3,6,4.875,Poor explanations and unclear assignments.,-0.4,Negative
627,10,2,4,1,6,5,9,5,5.25,"Some topics were clear, others a bit confusing.",-0.1,Negative
661,6,10,4,3,8,2,7,6,5.75,The course was okay but could be improved in some areas.,0.5,Positive
877,8,9,4,5,10,10,10,2,7.25,"Some topics were clear, others a bit confusing.",-0.1,Negative
177,8,2,6,2,8,1,9,9,5.625,"Some topics were clear, others a bit confusing.",-0.1,Negative
322,8,10,7,3,3,3,1,5,5.0,The course was okay but could be improved in some areas.,0.5,Positive
914,9,2,4,2,4,2,2,9,4.25,Poor explanations and unclear assignments.,-0.4,Negative
486,10,9,5,1,4,10,6,9,6.75,The course was okay but could be improved in some areas.,0.5,Positive
723,6,10,5,3,10,3,6,4,5.875,"Some topics were clear, others a bit confusing.",-0.1,Negative
105,9,10,5,1,3,1,1,2,4.0,The course was difficult to follow and needs improvement.,-0.5,Negative
52,6,10,4,1,7,3,10,2,5.375,"Some topics were clear, others a bit confusing.",-0.1,Negative
436,9,9,4,10,1,10,10,2,6.875,The course was okay but could be improved in some areas.,0.5,Positive
829,6,9,5,3,2,2,10,9,5.75,The course was okay but could be improved in some areas.,0.5,Positive
753,5,10,8,7,5,10,9,7,7.625,The course was okay but could be improved in some areas.,0.5,Positive
130,7,9,5,9,3,2,5,4,5.5,The course was okay but could be improved in some areas.,0.5,Positive
91,6,5,4,2,5,8,3,3,4.5,I struggled to understand the concepts.,0.0,Neutral
590,10,3,4,4,9,9,6,2,5.875,"Some topics were clear, others a bit confusing.",-0.1,Negative
965,10,3,4,5,10,3,7,3,5.625,"Some topics were clear, others a bit confusing.",-0.1,Negative
99,8,9,6,2,2,3,10,6,5.75,The course was okay but could be improved in some areas.,0.5,Positive
912,7,10,7,10,2,7,5,7,6.875,The course was okay but could be improved in some areas.,0.5,Positive
395,9,6,8,2,7,9,8,10,7.375,"Some topics were clear, others a bit confusing.",-0.1,Negative
923,6,3,5,6,9,4,10,3,5.75,The course was okay but could be improved in some areas.,0.5,Positive
499,7,9,8,3,5,1,5,2,5.0,"Average experience, assignments were manageable.",-0.15,Negative
115,5,5,7,1,3,8,1,10,5.0,The course was okay but could be improved in some areas.,0.5,Positive
815,5,9,6,6,2,9,5,3,5.625,The course was okay but could be improved in some areas.,0.5,Positive
570,10,10,6,8,9,2,8,10,7.875,"Some topics were clear, others a bit confusing.",-0.1,Negative
825,9,7,8,1,3,2,9,3,5.25,The course was okay but could be improved in some areas.,0.5,Positive
620,9,5,8,2,8,10,8,8,7.25,The course was okay but could be improved in some areas.,0.5,Positive
175,10,9,8,2,1,6,7,2,5.625,The course was okay but could be improved in some areas.,0.5,Positive
358,5,7,4,3,3,10,3,4,4.875,I struggled to understand the concepts.,0.0,Neutral
191,7,4,5,2,5,10,4,7,5.5,"Some topics were clear, others a bit confusing.",-0.1,Negative
492,6,5,8,10,3,8,3,2,5.625,The course was okay but could be improved in some areas.,0.5,Positive
529,9,6,6,1,4,10,1,7,5.5,"Some topics were clear, others a bit confusing.",-0.1,Negative
389,5,5,8,6,2,3,5,7,5.125,"Average experience, assignments were manageable.",-0.15,Negative
878,6,5,8,4,10,3,9,10,6.875,"Some topics were clear, others a bit confusing.",-0.1,Negative
368,7,9,8,3,2,7,4,1,5.125,"Some topics were clear, others a bit confusing.",-0.1,Negative
122,7,5,5,3,9,6,9,2,5.75,"Average experience, assignments were manageable.",-0.15,Negative
332,9,2,7,2,8,7,4,10,6.125,The course was okay but could be improved in some areas.,0.5,Positive
303,7,4,5,4,7,2,1,6,4.5,Poor explanations and unclear assignments.,-0.4,Negative
336,8,10,4,5,6,7,2,3,5.625,"Some topics were clear, others a bit confusing.",-0.1,Negative
588,6,6,4,10,10,10,3,9,7.25,The course was okay but could be improved in some areas.,0.5,Positive
609,10,9,4,4,1,5,9,10,6.5,"Some topics were clear, others a bit confusing.",-0.1,Negative
920,10,6,7,10,10,2,4,2,6.375,"Some topics were clear, others a bit confusing.",-0.1,Negative
370,9,4,7,10,1,10,2,7,6.25,"Average experience, assignments were manageable.",-0.15,Negative
405,10,2,5,5,5,1,4,6,4.75,The course was difficult to follow and needs improvement.,-0.5,Negative
779,10,8,6,3,8,8,7,8,7.25,"Average experience, assignments were manageable.",-0.15,Negative
962,10,6,4,5,1,7,1,10,5.5,"Some topics were clear, others a bit confusing.",-0.1,Negative
268,10,6,5,9,9,1,8,6,6.75,"Some topics were clear, others a bit confusing.",-0.1,Negative
625,10,7,6,7,9,6,3,3,6.375,"Average experience, assignments were manageable.",-0.15,Negative
217,8,9,8,3,8,5,5,5,6.375,"Some topics were clear, others a bit confusing.",-0.1,Negative
479,10,10,4,6,5,9,2,3,6.125,The course was okay but could be improved in some areas.,0.5,Positive
500,9,5,8,4,2,2,5,1,4.5,The course was difficult to follow and needs improvement.,-0.5,Negative
409,8,9,7,3,10,4,6,1,6.0,The course was okay but could be improved in some areas.,0.5,Positive
546,7,7,5,1,9,8,1,1,4.875,The course was difficult to follow and needs improvement.,-0.5,Negative
967,5,5,8,8,1,9,8,5,6.125,The course was okay but could be improved in some areas.,0.5,Positive
343,8,4,7,1,10,8,2,6,5.75,"Some topics were clear, others a bit confusing.",-0.1,Negative
639,7,4,7,7,6,10,5,7,6.625,"Average experience, assignments were manageable.",-0.15,Negative
402,6,8,6,9,4,8,5,7,6.625,"Some topics were clear, others a bit confusing.",-0.1,Negative
617,5,7,5,4,7,1,10,6,5.625,"Average experience, assignments were manageable.",-0.15,Negative
349,6,8,8,2,9,9,2,8,6.5,The course was okay but could be improved in some areas.,0.5,Positive
994,8,5,5,2,5,5,9,5,5.5,The course was okay but could be improved in some areas.,0.5,Positive
279,5,10,7,1,4,4,9,4,5.5,The course was okay but could be improved in some areas.,0.5,Positive
926,10,7,5,1,1,6,6,1,4.625,I struggled to understand the concepts.,0.0,Neutral
816,10,8,5,9,2,7,9,3,6.625,"Some topics were clear, others a bit confusing.",-0.1,Negative
765,8,7,8,5,7,7,7,7,7.0,The course was okay but could be improved in some areas.,0.5,Positive
160,10,6,5,4,2,10,4,7,6.0,"Some topics were clear, others a bit confusing.",-0.1,Negative
606,8,3,8,1,6,4,8,9,5.875,"Average experience, assignments were manageable.",-0.15,Negative
602,5,3,6,2,8,10,3,1,4.75,I struggled to understand the concepts.,0.0,Neutral
893,10,6,8,1,1,10,1,3,5.0,"Some topics were clear, others a bit confusing.",-0.1,Negative
810,9,6,7,3,5,9,10,5,6.75,"Average experience, assignments were manageable.",-0.15,Negative
802,8,2,6,6,3,8,7,7,5.875,The course was okay but could be improved in some areas.,0.5,Positive
162,6,2,5,2,10,2,8,8,5.375,"Average experience, assignments were manageable.",-0.15,Negative
449,5,7,8,9,3,2,7,10,6.375,"Some topics were clear, others a bit confusing.",-0.1,Negative
463,7,8,7,8,1,4,4,1,5.0,The course was okay but could be improved in some areas.,0.5,Positive
41,5,3,5,9,3,1,8,8,5.25,The course was okay but could be improved in some areas.,0.5,Positive
838,6,3,6,8,7,1,8,8,5.875,"Average experience, assignments were manageable.",-0.15,Negative
703,10,7,8,3,4,7,9,8,7.0,The course was okay but could be improved in some areas.,0.5,Positive
490,9,2,6,10,9,8,2,4,6.25,"Average experience, assignments were manageable.",-0.15,Negative
906,7,7,8,4,5,2,4,5,5.25,"Some topics were clear, others a bit confusing.",-0.1,Negative
174,7,3,6,7,10,10,2,3,6.0,"Average experience, assignments were manageable.",-0.15,Negative
4,5,8,5,7,10,7,3,1,5.75,The course was okay but could be improved in some areas.,0.5,Positive
161,6,7,8,3,5,10,6,4,6.125,The course was okay but could be improved in some areas.,0.5,Positive
31,5,4,5,9,9,2,4,1,4.875,I struggled to understand the concepts.,0.0,Neutral
623,6,4,6,6,10,10,3,9,6.75,"Some topics were clear, others a bit confusing.",-0.1,Negative
818,10,5,4,9,2,6,2,6,5.5,"Average experience, assignments were manageable.",-0.15,Negative
60,5,6,5,3,1,7,5,3,4.375,The course was difficult to follow and needs improvement.,-0.5,Negative
384,6,2,7,9,4,4,2,8,5.25,"Average experience, assignments were manageable.",-0.15,Negative
971,7,6,7,4,6,6,7,9,6.5,"Average experience, assignments were manageable.",-0.15,Negative
427,7,3,7,2,9,8,8,7,6.375,The course was okay but could be improved in some areas.,0.5,Positive
431,10,9,4,3,3,9,4,1,5.375,"Some topics were clear, others a bit confusing.",-0.1,Negative
408,6,5,4,7,1,8,6,7,5.5,"Average experience, assignments were manageable.",-0.15,Negative
577,10,7,4,10,7,2,5,1,5.75,"Average experience, assignments were manageable.",-0.15,Negative
803,6,10,8,5,6,5,6,7,6.625,The course was okay but could be improved in some areas.,0.5,Positive
273,9,3,7,1,5,3,8,4,5.0,The course was okay but could be improved in some areas.,0.5,Positive
371,6,3,4,9,4,10,4,10,6.25,"Average experience, assignments were manageable.",-0.15,Negative
999,6,7,8,8,9,9,9,5,7.625,"Some topics were clear, others a bit confusing.",-0.1,Negative
595,10,5,5,4,10,4,4,4,5.75,"Some topics were clear, others a bit confusing.",-0.1,Negative
63,8,8,7,4,4,4,8,2,5.625,"Average experience, assignments were manageable.",-0.15,Negative
899,5,4,7,7,2,6,1,1,4.125,Poor explanations and unclear assignments.,-0.4,Negative
0,7,4,8,2,1,4,8,3,4.625,Poor explanations and unclear assignments.,-0.4,Negative
796,7,9,6,2,7,7,6,8,6.5,"Some topics were clear, others a bit confusing.",-0.1,Negative
181,10,10,4,2,1,5,3,1,4.5,Poor explanations and unclear assignments.,-0.4,Negative
290,6,7,6,4,2,8,9,7,6.125,"Some topics were clear, others a bit confusing.",-0.1,Negative
373,6,4,8,10,5,3,10,10,7.0,"Average experience, assignments were manageable.",-0.15,Negative
285,6,10,5,7,3,3,5,1,5.0,"Some topics were clear, others a bit confusing.",-0.1,Negative
882,6,3,4,1,7,5,4,2,4.0,Poor explanations and unclear assignments.,-0.4,Negative
776,8,3,7,6,3,7,6,7,5.875,"Some topics were clear, others a bit confusing.",-0.1,Negative
935,10,9,7,2,8,2,1,2,5.125,The course was okay but could be improved in some areas.,0.5,Positive
679,10,6,4,5,10,9,6,7,7.125,"Average experience, assignments were manageable.",-0.15,Negative
102,7,4,6,3,5,7,5,5,5.25,"Average experience, assignments were manageable.",-0.15,Negative
618,5,8,6,9,3,8,7,9,6.875,The course was okay but could be improved in some areas.,0.5,Positive
607,8,4,4,10,10,8,3,7,6.75,"Some topics were clear, others a bit confusing.",-0.1,Negative
743,9,7,7,10,1,5,5,10,6.75,"Some topics were clear, others a bit confusing.",-0.1,Negative
682,8,5,8,9,2,10,3,4,6.125,The course was okay but could be improved in some areas.,0.5,Positive
16,5,3,6,6,5,8,8,2,5.375,"Some topics were clear, others a bit confusing.",-0.1,Negative
969,8,6,8,10,2,1,3,2,5.0,"Some topics were clear, others a bit confusing.",-0.1,Negative
46,8,4,4,9,5,7,4,8,6.125,"Some topics were clear, others a bit confusing.",-0.1,Negative
706,6,8,7,9,8,6,4,1,6.125,"Some topics were clear, others a bit confusing.",-0.1,Negative
993,9,9,4,1,5,2,9,9,6.0,"Average experience, assignments were manageable.",-0.15,Negative
508,10,6,5,8,8,5,7,10,7.375,The course was okay but could be improved in some areas.,0.5,Positive
989,8,4,5,4,8,6,7,3,5.625,The course was okay but could be improved in some areas.,0.5,Positive
133,10,4,7,3,5,4,4,5,5.25,"Some topics were clear, others a bit confusing.",-0.1,Negative
15,8,9,8,3,6,10,2,3,6.125,"Some topics were clear, others a bit confusing.",-0.1,Negative
78,10,9,6,8,10,7,7,8,8.125,The course was excellent and very well structured.,0.6,Positive
433,6,6,8,4,8,9,4,1,5.75,"Some topics were clear, others a bit confusing.",-0.1,Negative
784,7,7,4,3,7,8,6,10,6.5,The course was okay but could be improved in some areas.,0.5,Positive
983,5,2,4,1,9,4,3,2,3.75,The course was difficult to follow and needs improvement.,-0.5,Negative
197,9,3,5,9,8,2,4,10,6.25,"Average experience, assignments were manageable.",-0.15,Negative
483,8,2,6,2,10,2,2,5,4.625,Poor explanations and unclear assignments.,-0.4,Negative
376,5,5,5,8,8,4,6,10,6.375,The course was okay but could be improved in some areas.,0.5,Positive
915,10,7,4,6,9,4,9,5,6.75,"Some topics were clear, others a bit confusing.",-0.1,Negative
210,6,5,7,9,5,1,2,4,4.875,Poor explanations and unclear assignments.,-0.4,Negative
20,8,4,5,1,10,10,7,5,6.25,The course was okay but could be improved in some areas.,0.5,Positive
425,5,9,8,1,10,8,10,10,7.625,"Some topics were clear, others a bit confusing.",-0.1,Negative
668,6,3,6,1,2,10,9,3,5.0,The course was okay but could be improved in some areas.,0.5,Positive
54,7,2,5,1,5,3,1,3,3.375,I struggled to understand the concepts.,0.0,Neutral
950,7,2,7,10,5,3,4,7,5.625,"Average experience, assignments were manageable.",-0.15,Negative
782,6,7,4,2,2,1,3,8,4.125,Poor explanations and unclear assignments.,-0.4,Negative
108,5,5,7,5,10,7,3,9,6.375,The course was okay but could be improved in some areas.,0.5,Positive
400,9,4,5,5,8,10,6,10,7.125,"Average experience, assignments were manageable.",-0.15,Negative
685,10,9,7,3,1,6,6,4,5.75,The course was okay but could be improved in some areas.,0.5,Positive
673,9,3,4,4,7,9,8,4,6.0,"Some topics were clear, others a bit confusing.",-0.1,Negative
198,6,7,7,7,3,5,4,3,5.25,The course was okay but could be improved in some areas.,0.5,Positive
14,5,5,8,9,7,5,2,1,5.25,The course was okay but could be improved in some areas.,0.5,Positive
172,6,5,8,3,4,3,10,3,5.25,The course was okay but could be improved in some areas.,0.5,Positive
359,5,6,7,6,9,5,1,5,5.5,"Average experience, assignments were manageable.",-0.15,Negative
714,10,5,5,5,7,5,7,9,6.625,"Some topics were clear, others a bit confusing.",-0.1,Negative
785,7,6,7,1,7,5,5,9,5.875,"Some topics were clear, others a bit confusing.",-0.1,Negative
865,8,4,6,2,7,5,2,7,5.125,"Some topics were clear, others a bit confusing.",-0.1,Negative
662,10,6,4,5,1,9,6,3,5.5,The course was okay but could be improved in some areas.,0.5,Positive
513,9,10,7,7,9,2,10,1,6.875,The course was okay but could be improved in some areas.,0.5,Positive
722,7,10,5,5,4,9,6,7,6.625,"Some topics were clear, others a bit confusing.",-0.1,Negative
8,6,7,6,10,6,9,9,10,7.875,"Average experience, assignments were manageable.",-0.15,Negative
873,10,10,4,5,9,10,2,5,6.875,The course was okay but could be improved in some areas.,0.5,Positive
684,10,3,7,4,4,5,1,10,5.5,"Some topics were clear, others a bit confusing.",-0.1,Negative
73,7,2,5,6,3,1,1,4,3.625,The course was difficult to follow and needs improvement.,-0.5,Negative
900,9,8,5,8,4,6,9,7,7.0,The course was okay but could be improved in some areas.,0.5,Positive
933,6,9,4,8,7,10,3,5,6.5,The course was okay but could be improved in some areas.,0.5,Positive
634,6,7,6,6,1,6,3,8,5.375,The course was okay but could be improved in some areas.,0.5,Positive
835,8,2,7,8,3,4,3,4,4.875,The course was difficult to follow and needs improvement.,-0.5,Negative
422,9,8,4,4,8,3,4,10,6.25,"Some topics were clear, others a bit confusing.",-0.1,Negative
235,6,2,8,8,6,3,3,1,4.625,I struggled to understand the concepts.,0.0,Neutral
286,10,3,7,10,8,8,4,9,7.375,"Some topics were clear, others a bit confusing.",-0.1,Negative
129,7,3,4,9,1,4,4,9,5.125,The course was okay but could be improved in some areas.,0.5,Positive
443,7,9,8,2,4,5,1,5,5.125,"Some topics were clear, others a bit confusing.",-0.1,Negative
301,10,7,7,4,3,4,9,2,5.75,The course was okay but could be improved in some areas.,0.5,Positive
532,10,2,4,2,2,6,10,9,5.625,"Some topics were clear, others a bit confusing.",-0.1,Negative
64,6,2,8,1,8,4,8,4,5.125,"Average experience, assignments were manageable.",-0.15,Negative
860,10,8,4,3,7,1,4,5,5.25,"Some topics were clear, others a bit confusing.",-0.1,Negative
559,8,4,4,6,5,5,1,7,5.0,The course was okay but could be improved in some areas.,0.5,Positive
311,7,5,6,8,4,9,8,9,7.0,"Average experience, assignments were manageable.",-0.15,Negative
32,9,3,7,7,6,1,9,2,5.5,"Average experience, assignments were manageable.",-0.15,Negative
296,10,7,4,2,2,10,10,8,6.625,"Average experience, assignments were manageable.",-0.15,Negative
419,10,2,5,8,5,3,3,10,5.75,"Some topics were clear, others a bit confusing.",-0.1,Negative
83,10,6,6,1,8,1,3,9,5.5,"Average experience, assignments were manageable.",-0.15,Negative
594,7,2,7,6,7,2,3,6,5.0,The course was okay but could be improved in some areas.,0.5,Positive
501,5,2,8,4,7,6,10,4,5.75,The course was okay but could be improved in some areas.,0.5,Positive
411,8,4,4,4,8,4,3,1,4.5,I struggled to understand the concepts.,0.0,Neutral
824,10,7,7,9,4,9,9,8,7.875,"Average experience, assignments were manageable.",-0.15,Negative
585,7,6,8,2,4,7,10,9,6.625,"Average experience, assignments were manageable.",-0.15,Negative
848,9,9,6,1,9,2,8,6,6.25,"Average experience, assignments were manageable.",-0.15,Negative
299,10,8,5,5,4,3,1,9,5.625,"Average experience, assignments were manageable.",-0.15,Negative
107,9,4,8,6,10,4,5,9,6.875,The course was okay but could be improved in some areas.,0.5,Positive
119,9,10,5,1,9,6,7,6,6.625,"Some topics were clear, others a bit confusing.",-0.1,Negative
335,5,3,4,2,8,4,7,6,4.875,Poor explanations and unclear assignments.,-0.4,Negative
557,5,5,8,2,4,10,6,1,5.125,"Average experience, assignments were manageable.",-0.15,Negative
113,5,6,7,1,10,6,4,7,5.75,The course was okay but could be improved in some areas.,0.5,Positive
281,5,6,6,3,4,1,1,1,3.375,Poor explanations and unclear assignments.,-0.4,Negative
836,9,3,4,6,6,3,2,7,5.0,The course was okay but could be improved in some areas.,0.5,Positive
426,9,8,7,8,10,6,9,8,8.125,The course was excellent and very well structured.,0.6,Positive
42,8,2,4,6,6,7,3,1,4.625,I struggled to understand the concepts.,0.0,Neutral
567,9,3,8,1,4,9,10,9,6.625,"Some topics were clear, others a bit confusing.",-0.1,Negative
589,5,8,7,5,6,7,8,9,6.875,"Average experience, assignments were manageable.",-0.15,Negative
187,5,5,6,2,6,1,8,5,4.75,I struggled to understand the concepts.,0.0,Neutral
615,5,6,7,9,1,1,1,5,4.375,The course was difficult to follow and needs improvement.,-0.5,Negative
556,9,9,5,5,1,3,6,10,6.0,The course was okay but could be improved in some areas.,0.5,Positive
3,9,6,5,9,10,5,5,4,6.625,"Average experience, assignments were manageable.",-0.15,Negative
667,9,9,6,2,1,3,10,2,5.25,"Average experience, assignments were manageable.",-0.15,Negative
234,7,2,4,5,1,8,7,2,4.5,I struggled to understand the concepts.,0.0,Neutral
96,6,6,5,10,8,10,5,2,6.5,"Some topics were clear, others a bit confusing.",-0.1,Negative
691,7,7,8,8,5,4,8,2,6.125,The course was okay but could be improved in some areas.,0.5,Positive
269,9,10,6,10,10,1,9,10,8.125,The course was excellent and very well structured.,0.6,Positive
566,8,10,6,10,7,6,6,1,6.75,"Average experience, assignments were manageable.",-0.15,Negative
985,5,5,4,8,7,6,7,3,5.625,"Average experience, assignments were manageable.",-0.15,Negative
437,7,2,6,7,5,8,1,8,5.5,The course was okay but could be improved in some areas.,0.5,Positive
200,8,4,8,6,8,4,7,1,5.75,The course was okay but could be improved in some areas.,0.5,Positive
291,10,3,7,8,2,10,3,3,5.75,The course was okay but could be improved in some areas.,0.5,Positive
612,8,9,8,7,1,2,8,4,5.875,The course was okay but could be improved in some areas.,0.5,Positive
448,6,7,7,9,2,9,2,5,5.875,"Some topics were clear, others a bit confusing.",-0.1,Negative
439,6,8,7,7,7,4,5,4,6.0,"Average experience, assignments were manageable.",-0.15,Negative
573,5,5,5,8,8,9,8,2,6.25,The course was okay but could be improved in some areas.,0.5,Positive
7,5,8,5,6,2,10,4,8,6.0,"Average experience, assignments were manageable.",-0.15,Negative
725,5,10,8,4,3,5,1,6,5.25,"Average experience, assignments were manageable.",-0.15,Negative
50,9,8,6,7,1,6,7,4,6.0,"Average experience, assignments were manageable.",-0.15,Negative
423,7,9,5,10,10,7,7,3,7.25,"Average experience, assignments were manageable.",-0.15,Negative
140,7,10,6,8,6,10,9,6,7.75,The course was okay but could be improved in some areas.,0.5,Positive
135,8,9,7,3,6,10,2,9,6.75,"Some topics were clear, others a bit confusing.",-0.1,Negative
786,5,4,7,5,5,6,7,1,5.0,"Some topics were clear, others a bit confusing.",-0.1,Negative
601,8,9,4,5,4,3,1,10,5.5,"Average experience, assignments were manageable.",-0.15,Negative
493,9,4,4,9,4,3,6,7,5.75,"Average experience, assignments were manageable.",-0.15,Negative
553,7,2,4,7,3,5,1,3,4.0,Poor explanations and unclear assignments.,-0.4,Negative
27,7,3,5,5,5,1,8,6,5.0,The course was okay but could be improved in some areas.,0.5,Positive
257,8,5,6,4,4,1,5,4,4.625,Poor explanations and unclear assignments.,-0.4,Negative
225,10,4,5,9,3,6,9,4,6.25,The course was okay but could be improved in some areas.,0.5,Positive
788,6,5,6,3,10,4,3,8,5.625,The course was okay but could be improved in some areas.,0.5,Positive
37,8,9,5,3,4,3,5,2,4.875,The course was difficult to follow and needs improvement.,-0.5,Negative
170,5,10,7,2,8,5,9,5,6.375,The course was okay but could be improved in some areas.,0.5,Positive
528,9,2,5,2,6,5,1,6,4.5,The course was difficult to follow and needs improvement.,-0.5,Negative
600,7,8,6,10,6,7,7,6,7.125,"Some topics were clear, others a bit confusing.",-0.1,Negative
655,7,8,5,4,1,6,6,8,5.625,"Average experience, assignments were manageable.",-0.15,Negative
74,8,8,6,1,2,5,2,6,4.75,Poor explanations and unclear assignments.,-0.4,Negative
505,9,6,8,5,8,4,7,6,6.625,"Average experience, assignments were manageable.",-0.15,Negative
377,5,5,7,3,9,6,1,4,5.0,"Some topics were clear, others a bit confusing.",-0.1,Negative
808,8,6,4,5,1,8,8,3,5.375,"Some topics were clear, others a bit confusing.",-0.1,Negative
366,9,9,8,2,1,10,5,2,5.75,"Some topics were clear, others a bit confusing.",-0.1,Negative
238,8,7,5,10,10,9,7,10,8.25,I really enjoyed the lectures and learned a lot.,0.5,Positive
255,9,10,7,10,3,2,7,8,7.0,The course was okay but could be improved in some areas.,0.5,Positive
123,10,2,4,5,9,8,3,5,5.75,"Average experience, assignments were manageable.",-0.15,Negative
663,6,2,8,2,5,7,5,7,5.25,"Some topics were clear, others a bit confusing.",-0.1,Negative
876,6,7,4,4,9,2,5,9,5.75,"Some topics were clear, others a bit confusing.",-0.1,Negative
690,5,10,8,4,2,7,9,6,6.375,The course was okay but could be improved in some areas.,0.5,Positive
309,5,8,4,9,2,1,4,5,4.75,The course was difficult to follow and needs improvement.,-0.5,Negative
693,7,9,8,1,5,10,3,7,6.25,"Average experience, assignments were manageable.",-0.15,Negative
226,7,6,8,8,8,5,8,8,7.25,"Average experience, assignments were manageable.",-0.15,Negative
951,10,10,7,10,5,9,7,1,7.375,The course was okay but could be improved in some areas.,0.5,Positive
260,9,3,7,4,7,2,8,3,5.375,The course was okay but could be improved in some areas.,0.5,Positive
243,9,8,8,8,4,10,8,9,8.0,The course was excellent and very well structured.,0.6,Positive
222,5,4,4,2,7,9,5,3,4.875,I struggled to understand the concepts.,0.0,Neutral
314,5,10,6,8,6,6,10,4,6.875,The course was okay but could be improved in some areas.,0.5,Positive
229,7,6,8,2,2,10,8,8,6.375,"Some topics were clear, others a bit confusing.",-0.1,Negative
85,5,6,8,9,3,4,4,4,5.375,The course was okay but could be improved in some areas.,0.5,Positive
76,8,9,8,6,3,10,7,2,6.625,The course was okay but could be improved in some areas.,0.5,Positive
887,6,9,5,8,9,7,6,2,6.5,The course was okay but could be improved in some areas.,0.5,Positive
582,8,4,7,8,1,5,9,3,5.625,"Some topics were clear, others a bit confusing.",-0.1,Negative
674,8,5,6,8,7,10,2,7,6.625,"Some topics were clear, others a bit confusing.",-0.1,Negative
986,7,2,6,2,4,7,10,7,5.625,The course was okay but could be improved in some areas.,0.5,Positive
511,8,4,4,5,2,10,10,6,6.125,"Average experience, assignments were manageable.",-0.15,Negative
879,6,10,5,10,9,5,5,4,6.75,The course was okay but could be improved in some areas.,0.5,Positive
401,8,10,7,2,8,10,8,9,7.75,The course was okay but could be improved in some areas.,0.5,Positive
514,6,6,7,10,7,7,6,3,6.5,"Average experience, assignments were manageable.",-0.15,Negative
750,10,3,8,1,5,1,3,5,4.5,I struggled to understand the concepts.,0.0,Neutral
156,7,4,7,9,10,8,5,8,7.25,"Some topics were clear, others a bit confusing.",-0.1,Negative
775,5,6,7,2,5,4,1,4,4.25,Poor explanations and unclear assignments.,-0.4,Negative
329,9,8,8,5,3,3,10,8,6.75,The course was okay but could be improved in some areas.,0.5,Positive
467,8,10,5,7,7,1,3,6,5.875,The course was okay but could be improved in some areas.,0.5,Positive
178,7,7,4,7,1,2,1,2,3.875,I struggled to understand the concepts.,0.0,Neutral
549,5,3,7,6,8,8,5,5,5.875,The course was okay but could be improved in some areas.,0.5,Positive
453,8,4,4,4,2,8,1,4,4.375,Poor explanations and unclear assignments.,-0.4,Negative
307,6,9,5,1,6,5,3,5,5.0,The course was okay but could be improved in some areas.,0.5,Positive
472,6,8,7,7,9,9,2,3,6.375,"Some topics were clear, others a bit confusing.",-0.1,Negative
392,7,7,4,9,7,10,8,4,7.0,"Some topics were clear, others a bit confusing.",-0.1,Negative
65,6,4,4,6,3,10,8,3,5.5,The course was okay but could be improved in some areas.,0.5,Positive
575,9,4,7,7,1,1,5,1,4.375,The course was difficult to follow and needs improvement.,-0.5,Negative
855,8,3,6,4,1,1,9,7,4.875,Poor explanations and unclear assignments.,-0.4,Negative
791,5,9,4,4,1,4,10,9,5.75,"Average experience, assignments were manageable.",-0.15,Negative
391,5,3,7,6,7,6,9,4,5.875,"Some topics were clear, others a bit confusing.",-0.1,Negative
973,6,3,4,6,4,6,6,9,5.5,"Average experience, assignments were manageable.",-0.15,Negative
828,8,3,5,2,9,5,6,3,5.125,The course was okay but could be improved in some areas.,0.5,Positive
247,6,9,6,5,2,2,3,7,5.0,"Some topics were clear, others a bit confusing.",-0.1,Negative
412,9,2,5,8,7,2,10,4,5.875,The course was okay but could be improved in some areas.,0.5,Positive
67,7,9,4,3,9,1,1,2,4.5,The course was difficult to follow and needs improvement.,-0.5,Negative
289,5,2,5,8,9,2,7,2,5.0,"Average experience, assignments were manageable.",-0.15,Negative
399,10,6,4,8,6,5,10,4,6.625,"Some topics were clear, others a bit confusing.",-0.1,Negative
138,8,5,8,8,10,4,2,6,6.375,"Average experience, assignments were manageable.",-0.15,Negative
537,10,6,4,9,9,5,7,5,6.875,The course was okay but could be improved in some areas.,0.5,Positive
265,5,9,7,6,5,6,5,3,5.75,"Some topics were clear, others a bit confusing.",-0.1,Negative
724,5,2,6,1,7,3,3,1,3.5,I struggled to understand the concepts.,0.0,Neutral
653,5,6,5,6,6,3,9,2,5.25,"Average experience, assignments were manageable.",-0.15,Negative
318,6,8,5,10,6,7,10,8,7.5,"Some topics were clear, others a bit confusing.",-0.1,Negative
232,6,8,5,5,1,1,7,8,5.125,"Average experience, assignments were manageable.",-0.15,Negative
21,9,7,5,3,6,6,1,6,5.375,"Average experience, assignments were manageable.",-0.15,Negative
998,9,7,5,1,2,2,1,10,4.625,The course was difficult to follow and needs improvement.,-0.5,Negative
694,9,8,8,10,7,7,7,2,7.25,"Some topics were clear, others a bit confusing.",-0.1,Negative
927,6,2,6,2,10,3,6,4,4.875,Poor explanations and unclear assignments.,-0.4,Negative
348,7,9,5,6,5,5,8,6,6.375,"Average experience, assignments were manageable.",-0.15,Negative
968,6,7,6,3,8,1,9,3,5.375,"Some topics were clear, others a bit confusing.",-0.1,Negative
992,10,6,4,3,8,6,10,3,6.25,"Some topics were clear, others a bit confusing.",-0.1,Negative
764,9,3,7,6,3,8,10,2,6.0,The course was okay but could be improved in some areas.,0.5,Positive
587,5,4,8,2,2,2,4,10,4.625,I struggled to understand the concepts.,0.0,Neutral
944,10,8,6,8,8,7,9,6,7.75,"Average experience, assignments were manageable.",-0.15,Negative
239,5,10,4,3,2,7,4,4,4.875,Poor explanations and unclear assignments.,-0.4,Negative
886,7,7,5,5,10,1,9,9,6.625,"Average experience, assignments were manageable.",-0.15,Negative
23,9,7,4,2,1,2,9,3,4.625,The course was difficult to follow and needs improvement.,-0.5,Negative
458,6,2,4,6,6,10,4,1,4.875,The course was difficult to follow and needs improvement.,-0.5,Negative
822,6,2,7,1,5,4,1,10,4.5,The course was difficult to follow and needs improvement.,-0.5,Negative
413,7,10,4,2,3,1,10,1,4.75,Poor explanations and unclear assignments.,-0.4,Negative
563,7,4,8,8,7,3,3,10,6.25,"Average experience, assignments were manageable.",-0.15,Negative
331,8,8,7,5,10,4,7,5,6.75,"Average experience, assignments were manageable.",-0.15,Negative
434,7,7,7,6,1,8,9,6,6.375,The course was okay but could be improved in some areas.,0.5,Positive
456,10,4,8,6,5,1,10,1,5.625,"Average experience, assignments were manageable.",-0.15,Negative
430,9,6,4,9,8,6,4,3,6.125,The course was okay but could be improved in some areas.,0.5,Positive
896,6,8,7,5,4,4,5,5,5.5,The course was okay but could be improved in some areas.,0.5,Positive
451,9,3,6,10,7,8,9,10,7.75,The course was okay but could be improved in some areas.,0.5,Positive
477,5,2,5,6,10,6,10,8,6.5,"Some topics were clear, others a bit confusing.",-0.1,Negative
9,7,5,4,5,1,3,5,6,4.5,I struggled to understand the concepts.,0.0,Neutral
325,7,5,7,6,1,5,8,6,5.625,"Average experience, assignments were manageable.",-0.15,Negative
812,9,5,4,4,2,4,2,6,4.5,Poor explanations and unclear assignments.,-0.4,Negative
727,7,2,6,4,2,10,9,5,5.625,"Some topics were clear, others a bit confusing.",-0.1,Negative
928,6,7,6,9,4,8,5,8,6.625,"Some topics were clear, others a bit confusing.",-0.1,Negative
134,9,9,7,4,7,10,8,3,7.125,The course was okay but could be improved in some areas.,0.5,Positive
819,6,7,8,8,9,10,2,2,6.5,"Some topics were clear, others a bit confusing.",-0.1,Negative
230,7,2,8,2,6,1,9,2,4.625,Poor explanations and unclear assignments.,-0.4,Negative
520,9,3,5,6,7,10,10,3,6.625,The course was okay but could be improved in some areas.,0.5,Positive
326,7,10,8,8,6,4,9,7,7.375,"Some topics were clear, others a bit confusing.",-0.1,Negative
142,6,8,4,10,8,5,8,6,6.875,The course was okay but could be improved in some areas.,0.5,Positive
491,5,4,8,6,1,3,4,4,4.375,I struggled to understand the concepts.,0.0,Neutral
379,7,5,6,2,9,7,3,10,6.125,"Average experience, assignments were manageable.",-0.15,Negative
465,5,2,8,8,6,8,2,4,5.375,"Some topics were clear, others a bit confusing.",-0.1,Negative
756,6,7,7,3,2,6,9,7,5.875,"Average experience, assignments were manageable.",-0.15,Negative
347,6,8,7,3,5,1,2,8,5.0,"Some topics were clear, others a bit confusing.",-0.1,Negative
237,10,4,5,8,7,8,2,8,6.5,"Average experience, assignments were manageable.",-0.15,Negative
642,5,7,6,8,9,6,6,7,6.75,The course was okay but could be improved in some areas.,0.5,Positive
506,9,7,4,1,5,7,5,1,4.875,The course was difficult to follow and needs improvement.,-0.5,Negative
646,7,8,5,4,7,8,8,8,6.875,The course was okay but could be improved in some areas.,0.5,Positive
382,10,10,7,5,2,3,6,3,5.75,"Average experience, assignments were manageable.",-0.15,Negative
256,6,7,4,5,9,8,6,5,6.25,The course was okay but could be improved in some areas.,0.5,Positive
327,8,8,5,10,2,1,10,5,6.125,The course was okay but could be improved in some areas.,0.5,Positive
624,7,3,7,10,2,1,8,8,5.75,The course was okay but could be improved in some areas.,0.5,Positive
155,8,8,8,10,3,9,7,3,7.0,The course was okay but could be improved in some areas.,0.5,Positive
578,8,10,7,4,5,8,7,6,6.875,"Some topics were clear, others a bit confusing.",-0.1,Negative
640,10,9,4,10,2,4,3,1,5.375,"Some topics were clear, others a bit confusing.",-0.1,Negative
997,9,8,8,6,8,3,3,10,6.875,"Average experience, assignments were manageable.",-0.15,Negative
242,7,9,5,4,5,9,1,4,5.5,The course was okay but could be improved in some areas.,0.5,Positive
344,7,6,8,9,8,3,8,5,6.75,"Average experience, assignments were manageable.",-0.15,Negative
699,9,5,4,8,4,2,2,8,5.25,"Average experience, assignments were manageable.",-0.15,Negative
77,9,4,5,9,2,1,5,10,5.625,The course was okay but could be improved in some areas.,0.5,Positive
821,8,9,5,5,8,9,4,9,7.125,"Some topics were clear, others a bit confusing.",-0.1,Negative
903,9,8,8,8,4,8,4,1,6.25,"Some topics were clear, others a bit confusing.",-0.1,Negative
540,9,10,7,3,2,4,4,5,5.5,"Some topics were clear, others a bit confusing.",-0.1,Negative
596,5,8,7,7,1,2,10,3,5.375,"Average experience, assignments were manageable.",-0.15,Negative
169,8,2,6,3,3,6,9,3,5.0,"Average experience, assignments were manageable.",-0.15,Negative
526,9,5,5,5,2,6,4,9,5.625,The course was okay but could be improved in some areas.,0.5,Positive
361,7,2,6,4,5,7,8,3,5.25,"Average experience, assignments were manageable.",-0.15,Negative
917,8,6,5,3,7,5,4,8,5.75,"Some topics were clear, others a bit confusing.",-0.1,Negative
342,5,9,8,1,9,8,7,10,7.125,"Some topics were clear, others a bit confusing.",-0.1,Negative
599,5,2,4,8,4,8,9,5,5.625,"Average experience, assignments were manageable.",-0.15,Negative
875,5,4,7,3,5,6,4,5,4.875,The course was difficult to follow and needs improvement.,-0.5,Negative
745,5,9,5,10,8,2,9,1,6.125,The course was okay but could be improved in some areas.,0.5,Positive
131,9,4,8,2,7,5,2,10,5.875,"Some topics were clear, others a bit confusing.",-0.1,Negative
143,6,6,7,8,10,3,3,9,6.5,"Average experience, assignments were manageable.",-0.15,Negative
666,10,5,6,8,1,2,7,7,5.75,"Average experience, assignments were manageable.",-0.15,Negative
104,8,5,4,2,7,9,4,4,5.375,"Some topics were clear, others a bit confusing.",-0.1,Negative
964,8,5,5,3,10,5,5,3,5.5,"Some topics were clear, others a bit confusing.",-0.1,Negative
208,8,7,5,7,2,3,2,8,5.25,"Some topics were clear, others a bit confusing.",-0.1,Negative
774,7,10,5,4,6,10,9,6,7.125,"Average experience, assignments were manageable.",-0.15,Negative
346,10,7,4,9,3,2,10,8,6.625,The course was okay but could be improved in some areas.,0.5,Positive
97,7,8,7,9,6,3,10,7,7.125,"Average experience, assignments were manageable.",-0.15,Negative
306,9,10,4,1,3,3,2,5,4.625,The course was difficult to follow and needs improvement.,-0.5,Negative
18,9,6,6,1,5,8,4,10,6.125,"Average experience, assignments were manageable.",-0.15,Negative
284,5,7,6,3,10,3,8,6,6.0,The course was okay but could be improved in some areas.,0.5,Positive
173,5,7,5,10,10,10,3,10,7.5,The course was okay but could be improved in some areas.,0.5,Positive
558,7,9,5,5,9,7,3,5,6.25,The course was okay but could be improved in some areas.,0.5,Positive
51,7,2,6,2,8,2,10,2,4.875,The course was difficult to follow and needs improvement.,-0.5,Negative
357,5,8,7,5,4,1,8,8,5.75,"Average experience, assignments were manageable.",-0.15,Negative
692,8,8,6,9,5,8,7,10,7.625,"Some topics were clear, others a bit confusing.",-0.1,Negative
26,8,2,6,10,9,9,4,5,6.625,The course was okay but could be improved in some areas.,0.5,Positive
386,9,5,5,4,6,5,7,7,6.0,The course was okay but could be improved in some areas.,0.5,Positive
287,5,9,5,5,10,8,4,10,7.0,"Average experience, assignments were manageable.",-0.15,Negative
974,8,10,4,2,4,9,8,7,6.5,"Some topics were clear, others a bit confusing.",-0.1,Negative
683,6,9,4,8,5,5,1,10,6.0,"Average experience, assignments were manageable.",-0.15,Negative
374,6,9,4,6,2,6,7,8,6.0,"Average experience, assignments were manageable.",-0.15,Negative
278,10,8,7,8,6,7,8,1,6.875,"Average experience, assignments were manageable.",-0.15,Negative
367,10,4,8,3,3,9,5,7,6.125,"Average experience, assignments were manageable.",-0.15,Negative
800,7,4,5,2,1,6,3,9,4.625,I struggled to understand the concepts.,0.0,Neutral
11,9,5,6,8,5,6,7,7,6.625,"Some topics were clear, others a bit confusing.",-0.1,Negative
310,5,8,5,9,4,4,9,10,6.75,The course was okay but could be improved in some areas.,0.5,Positive
910,5,8,7,10,8,2,4,8,6.5,"Some topics were clear, others a bit confusing.",-0.1,Negative
440,5,7,8,9,7,1,8,10,6.875,"Average experience, assignments were manageable.",-0.15,Negative
441,7,8,5,3,1,8,6,8,5.75,"Some topics were clear, others a bit confusing.",-0.1,Negative
146,8,7,5,6,9,2,9,10,7.0,"Some topics were clear, others a bit confusing.",-0.1,Negative
614,8,2,6,7,8,6,6,5,6.0,"Some topics were clear, others a bit confusing.",-0.1,Negative
262,10,5,4,9,6,9,9,3,6.875,The course was okay but could be improved in some areas.,0.5,Positive
34,9,7,8,9,8,2,8,9,7.5,"Some topics were clear, others a bit confusing.",-0.1,Negative
407,9,8,8,6,2,9,6,4,6.5,"Average experience, assignments were manageable.",-0.15,Negative
564,5,10,5,6,8,5,3,1,5.375,"Average experience, assignments were manageable.",-0.15,Negative
538,8,7,4,6,10,5,2,9,6.375,"Average experience, assignments were manageable.",-0.15,Negative
748,5,8,6,1,10,2,4,9,5.625,"Some topics were clear, others a bit confusing.",-0.1,Negative
675,8,7,8,9,8,6,2,8,7.0,The course was okay but could be improved in some areas.,0.5,Positive
224,10,7,7,6,2,1,7,9,6.125,The course was okay but could be improved in some areas.,0.5,Positive
10,8,3,7,4,3,6,4,1,4.5,The course was difficult to follow and needs improvement.,-0.5,Negative
708,5,3,5,4,5,9,6,4,5.125,"Average experience, assignments were manageable.",-0.15,Negative
636,7,3,6,9,5,4,6,3,5.375,"Average experience, assignments were manageable.",-0.15,Negative
218,7,8,4,4,1,4,6,4,4.75,Poor explanations and unclear assignments.,-0.4,Negative
193,5,9,4,6,5,7,1,9,5.75,The course was okay but could be improved in some areas.,0.5,Positive
106,6,6,5,8,3,1,9,7,5.625,"Average experience, assignments were manageable.",-0.15,Negative
834,8,2,7,4,1,8,9,2,5.125,The course was okay but could be improved in some areas.,0.5,Positive
597,5,4,8,4,8,7,3,4,5.375,The course was okay but could be improved in some areas.,0.5,Positive
45,8,5,6,1,5,9,2,9,5.625,The course was okay but could be improved in some areas.,0.5,Positive
264,5,2,4,4,7,6,4,1,4.125,Poor explanations and unclear assignments.,-0.4,Negative
219,10,4,5,7,9,10,8,3,7.0,The course was okay but could be improved in some areas.,0.5,Positive
249,10,2,5,6,8,1,8,9,6.125,"Some topics were clear, others a bit confusing.",-0.1,Negative
507,9,2,6,2,7,9,7,9,6.375,"Average experience, assignments were manageable.",-0.15,Negative
383,10,10,8,10,4,9,3,10,8.0,The course was excellent and very well structured.,0.6,Positive
631,10,8,5,3,9,9,8,3,6.875,The course was okay but could be improved in some areas.,0.5,Positive
502,6,3,5,1,8,4,7,8,5.25,"Some topics were clear, others a bit confusing.",-0.1,Negative
792,10,2,6,7,7,5,6,9,6.5,The course was okay but could be improved in some areas.,0.5,Positive
271,8,10,6,5,7,10,10,2,7.25,"Average experience, assignments were manageable.",-0.15,Negative
194,6,3,5,4,1,10,8,3,5.0,"Some topics were clear, others a bit confusing.",-0.1,Negative
937,8,8,4,10,1,5,9,3,6.0,"Average experience, assignments were manageable.",-0.15,Negative
726,6,4,4,7,7,3,6,4,5.125,"Some topics were clear, others a bit confusing.",-0.1,Negative
339,6,10,5,9,4,3,6,5,6.0,"Some topics were clear, others a bit confusing.",-0.1,Negative
841,8,9,8,3,4,4,7,1,5.5,"Average experience, assignments were manageable.",-0.15,Negative
874,9,7,6,9,6,1,6,3,5.875,The course was okay but could be improved in some areas.,0.5,Positive
214,6,6,4,3,1,3,4,6,4.125,Poor explanations and unclear assignments.,-0.4,Negative
924,9,10,5,5,6,4,1,8,6.0,"Average experience, assignments were manageable.",-0.15,Negative
203,8,7,8,9,4,10,8,10,8.0,I really enjoyed the lectures and learned a lot.,0.5,Positive
629,8,3,7,4,4,8,1,10,5.625,"Average experience, assignments were manageable.",-0.15,Negative
354,6,3,7,10,1,1,10,6,5.5,"Average experience, assignments were manageable.",-0.15,Negative
857,9,8,6,5,7,8,1,9,6.625,"Average experience, assignments were manageable.",-0.15,Negative
424,5,3,7,3,8,6,5,7,5.5,The course was okay but could be improved in some areas.,0.5,Positive
872,6,10,8,8,2,2,1,4,5.125,"Some topics were clear, others a bit confusing.",-0.1,Negative
116,8,5,6,3,5,3,1,9,5.0,The course was okay but could be improved in some areas.,0.5,Positive
308,9,10,7,10,3,2,10,9,7.5,"Some topics were clear, others a bit confusing.",-0.1,Negative
698,5,9,6,3,6,9,9,9,7.0,The course was okay but could be improved in some areas.,0.5,Positive
622,9,10,7,7,6,2,8,4,6.625,"Average experience, assignments were manageable.",-0.15,Negative
103,9,6,4,6,1,3,10,6,5.625,"Average experience, assignments were manageable.",-0.15,Negative
464,5,4,8,6,4,10,1,6,5.5,"Average experience, assignments were manageable.",-0.15,Negative
870,10,4,6,3,8,2,3,7,5.375,The course was okay but could be improved in some areas.,0.5,Positive
351,8,5,8,10,1,9,7,7,6.875,The course was okay but could be improved in some areas.,0.5,Positive
628,10,10,4,7,1,7,3,9,6.375,The course was okay but could be improved in some areas.,0.5,Positive
33,8,5,6,1,8,7,7,2,5.5,"Average experience, assignments were manageable.",-0.15,Negative
972,7,9,4,1,1,2,1,10,4.375,Poor explanations and unclear assignments.,-0.4,Negative
535,5,10,5,9,9,8,1,9,7.0,"Some topics were clear, others a bit confusing.",-0.1,Negative
959,8,4,5,5,10,7,3,2,5.5,"Average experience, assignments were manageable.",-0.15,Negative
794,10,4,4,8,6,8,6,9,6.875,The course was okay but could be improved in some areas.,0.5,Positive
313,5,7,7,3,7,10,1,1,5.125,The course was okay but could be improved in some areas.,0.5,Positive
127,5,8,4,9,7,7,7,6,6.625,"Some topics were clear, others a bit confusing.",-0.1,Negative
245,10,6,4,9,9,2,7,7,6.75,"Average experience, assignments were manageable.",-0.15,Negative
773,9,5,8,9,1,10,4,8,6.75,"Average experience, assignments were manageable.",-0.15,Negative
69,8,6,6,1,9,1,9,7,5.875,"Average experience, assignments were manageable.",-0.15,Negative
141,8,6,6,5,4,9,5,2,5.625,"Some topics were clear, others a bit confusing.",-0.1,Negative
139,8,3,4,10,6,1,1,5,4.75,The course was difficult to follow and needs improvement.,-0.5,Negative
398,6,9,6,10,7,4,5,9,7.0,The course was okay but could be improved in some areas.,0.5,Positive
889,7,6,8,6,6,6,7,10,7.0,The course was okay but could be improved in some areas.,0.5,Positive
995,6,7,8,3,7,7,8,7,6.625,The course was okay but could be improved in some areas.,0.5,Positive
757,9,5,7,9,7,8,9,1,6.875,"Some topics were clear, others a bit confusing.",-0.1,Negative
783,5,2,8,2,8,5,7,3,5.0,"Average experience, assignments were manageable.",-0.15,Negative
420,5,8,8,6,2,4,10,3,5.75,"Average experience, assignments were manageable.",-0.15,Negative
790,7,5,6,2,3,1,6,6,4.5,The course was difficult to follow and needs improvement.,-0.5,Negative
592,7,2,7,10,8,9,5,1,6.125,"Some topics were clear, others a bit confusing.",-0.1,Negative
978,6,5,8,9,6,6,2,9,6.375,The course was okay but could be improved in some areas.,0.5,Positive
735,6,4,6,1,7,6,1,5,4.5,The course was difficult to follow and needs improvement.,-0.5,Negative
731,5,10,6,9,5,10,5,2,6.5,"Average experience, assignments were manageable.",-0.15,Negative
932,6,6,4,5,5,3,6,1,4.5,The course was difficult to follow and needs improvement.,-0.5,Negative
497,6,4,8,4,6,10,1,6,5.625,The course was okay but could be improved in some areas.,0.5,Positive
813,8,10,5,8,4,7,5,2,6.125,"Some topics were clear, others a bit confusing.",-0.1,Negative
2,10,2,7,3,10,4,4,7,5.875,"Average experience, assignments were manageable.",-0.15,Negative
649,9,2,6,10,4,9,4,2,5.75,The course was okay but could be improved in some areas.,0.5,Positive
455,8,5,4,2,7,4,1,2,4.125,I struggled to understand the concepts.,0.0,Neutral
593,5,3,5,3,9,10,9,9,6.625,"Average experience, assignments were manageable.",-0.15,Negative
206,10,8,5,4,8,9,10,6,7.5,"Average experience, assignments were manageable.",-0.15,Negative
847,7,10,5,7,1,9,10,4,6.625,"Some topics were clear, others a bit confusing.",-0.1,Negative
233,8,7,7,7,9,2,8,2,6.25,The course was okay but could be improved in some areas.,0.5,Positive
87,5,10,8,4,8,10,1,9,6.875,"Average experience, assignments were manageable.",-0.15,Negative
333,6,3,7,6,9,9,9,1,6.25,The course was okay but could be improved in some areas.,0.5,Positive
738,8,2,5,7,2,7,6,5,5.25,The course was okay but could be improved in some areas.,0.5,Positive
350,5,6,6,1,8,7,10,10,6.625,The course was okay but could be improved in some areas.,0.5,Positive
805,8,8,7,10,6,2,2,6,6.125,"Average experience, assignments were manageable.",-0.15,Negative
700,9,8,6,1,9,6,9,1,6.125,"Some topics were clear, others a bit confusing.",-0.1,Negative
92,7,6,7,3,2,1,7,6,4.875,Poor explanations and unclear assignments.,-0.4,Negative
68,5,5,8,8,7,6,10,4,6.625,The course was okay but could be improved in some areas.,0.5,Positive
746,10,5,6,7,1,1,6,1,4.625,The course was difficult to follow and needs improvement.,-0.5,Negative
741,7,9,7,3,10,8,10,5,7.375,The course was okay but could be improved in some areas.,0.5,Positive
581,9,10,8,2,5,6,7,10,7.125,"Average experience, assignments were manageable.",-0.15,Negative
677,9,6,6,9,1,10,7,1,6.125,"Some topics were clear, others a bit confusing.",-0.1,Negative
442,7,8,5,10,8,3,6,4,6.375,The course was okay but could be improved in some areas.,0.5,Positive
749,9,9,5,2,9,1,10,1,5.75,"Average experience, assignments were manageable.",-0.15,Negative
25,5,6,4,10,4,1,8,3,5.125,"Some topics were clear, others a bit confusing.",-0.1,Negative
936,6,7,6,4,1,8,4,10,5.75,The course was okay but could be improved in some areas.,0.5,Positive
90,9,10,6,7,8,1,2,7,6.25,The course was okay but could be improved in some areas.,0.5,Positive
715,6,9,6,5,9,1,6,6,6.0,"Some topics were clear, others a bit confusing.",-0.1,Negative
240,9,9,7,10,5,7,1,6,6.75,The course was okay but could be improved in some areas.,0.5,Positive
13,6,6,6,3,10,7,2,1,5.125,The course was okay but could be improved in some areas.,0.5,Positive
126,7,4,6,4,1,5,2,1,3.75,Poor explanations and unclear assignments.,-0.4,Negative
761,5,9,6,10,10,1,10,6,7.125,"Some topics were clear, others a bit confusing.",-0.1,Negative
302,8,4,6,7,1,4,1,8,4.875,The course was difficult to follow and needs improvement.,-0.5,Negative
650,8,4,7,9,10,2,8,3,6.375,"Some topics were clear, others a bit confusing.",-0.1,Negative
365,10,5,5,3,5,2,3,5,4.75,The course was difficult to follow and needs improvement.,-0.5,Negative
905,5,9,6,8,10,2,1,1,5.25,"Some topics were clear, others a bit confusing.",-0.1,Negative
415,9,3,5,1,8,9,9,2,5.75,The course was okay but could be improved in some areas.,0.5,Positive
397,10,7,8,6,6,6,2,6,6.375,The course was okay but could be improved in some areas.,0.5,Positive
435,9,9,7,4,1,1,7,5,5.375,"Average experience, assignments were manageable.",-0.15,Negative
945,9,3,8,2,4,9,1,1,4.625,The course was difficult to follow and needs improvement.,-0.5,Negative
930,8,7,5,1,3,7,2,1,4.25,The course was difficult to follow and needs improvement.,-0.5,Negative
687,5,9,7,9,3,1,9,5,6.0,"Some topics were clear, others a bit confusing.",-0.1,Negative
852,5,10,5,4,3,10,8,6,6.375,"Some topics were clear, others a bit confusing.",-0.1,Negative
712,6,5,5,7,8,2,9,7,6.125,"Some topics were clear, others a bit confusing.",-0.1,Negative
470,6,10,6,6,7,1,1,2,4.875,Poor explanations and unclear assignments.,-0.4,Negative
43,6,5,4,1,10,7,4,1,4.75,The course was difficult to follow and needs improvement.,-0.5,Negative
550,5,3,7,8,2,7,7,8,5.875,The course was okay but could be improved in some areas.,0.5,Positive
844,8,6,4,1,1,8,10,9,5.875,"Average experience, assignments were manageable.",-0.15,Negative
150,6,5,8,5,2,10,1,6,5.375,"Some topics were clear, others a bit confusing.",-0.1,Negative
168,6,3,8,2,8,10,7,3,5.875,"Average experience, assignments were manageable.",-0.15,Negative
519,8,7,7,6,10,10,4,3,6.875,"Average experience, assignments were manageable.",-0.15,Negative
531,9,8,7,6,3,8,3,7,6.375,The course was okay but could be improved in some areas.,0.5,Positive
643,9,7,7,7,2,4,3,7,5.75,"Some topics were clear, others a bit confusing.",-0.1,Negative
428,6,9,4,4,8,6,2,5,5.5,"Some topics were clear, others a bit confusing.",-0.1,Negative
659,9,4,8,10,6,6,3,8,6.75,The course was okay but could be improved in some areas.,0.5,Positive
766,10,2,4,3,4,6,9,4,5.25,"Average experience, assignments were manageable.",-0.15,Negative
732,9,2,6,9,4,2,10,10,6.5,"Average experience, assignments were manageable.",-0.15,Negative
916,10,4,7,3,10,10,7,8,7.375,The course was okay but could be improved in some areas.,0.5,Positive
979,9,4,7,10,5,2,4,2,5.375,The course was okay but could be improved in some areas.,0.5,Positive
372,5,7,7,9,3,5,10,4,6.25,"Some topics were clear, others a bit confusing.",-0.1,Negative
778,9,4,8,9,8,5,7,4,6.75,"Some topics were clear, others a bit confusing.",-0.1,Negative
579,10,3,7,8,9,1,8,8,6.75,The course was okay but could be improved in some areas.,0.5,Positive
320,9,6,7,4,3,9,10,2,6.25,The course was okay but could be improved in some areas.,0.5,Positive
645,5,9,6,6,8,5,10,8,7.125,The course was okay but could be improved in some areas.,0.5,Positive
5,6,7,4,2,3,8,10,7,5.875,The course was okay but could be improved in some areas.,0.5,Positive
294,7,5,4,1,6,2,9,6,5.0,"Some topics were clear, others a bit confusing.",-0.1,Negative
117,8,2,5,10,5,4,3,2,4.875,The course was difficult to follow and needs improvement.,-0.5,Negative
555,9,2,8,7,2,1,3,10,5.25,"Some topics were clear, others a bit confusing.",-0.1,Negative
29,6,9,5,1,6,10,4,5,5.75,"Some topics were clear, others a bit confusing.",-0.1,Negative
259,8,3,8,9,7,4,10,7,7.0,"Some topics were clear, others a bit confusing.",-0.1,Negative
47,8,4,4,9,10,10,2,6,6.625,"Average experience, assignments were manageable.",-0.15,Negative
678,8,10,5,2,7,4,1,7,5.5,"Average experience, assignments were manageable.",-0.15,Negative
543,8,2,4,9,3,3,3,4,4.5,Poor explanations and unclear assignments.,-0.4,Negative
908,5,2,5,3,2,10,4,8,4.875,Poor explanations and unclear assignments.,-0.4,Negative
586,8,2,4,9,8,8,7,7,6.625,"Some topics were clear, others a bit confusing.",-0.1,Negative
98,9,9,7,2,3,3,8,4,5.625,"Average experience, assignments were manageable.",-0.15,Negative
55,8,7,6,2,5,7,7,9,6.375,"Some topics were clear, others a bit confusing.",-0.1,Negative
913,5,5,6,5,6,7,6,1,5.125,The course was okay but could be improved in some areas.,0.5,Positive
199,9,5,8,3,8,1,1,2,4.625,I struggled to understand the concepts.,0.0,Neutral
539,10,2,7,4,3,4,10,1,5.125,The course was okay but could be improved in some areas.,0.5,Positive
759,7,2,4,2,1,5,9,9,4.875,I struggled to understand the concepts.,0.0,Neutral
